ID,carbon_footprint
0x42e7,618.4964
0x1950,727.6889
0x20e5,1010.3906
0x4378,768.7412
0x1301,843.9385
0x33b3,587.485
0x3750,723.9291
0x3e50,789.0072
0x10e5,899.4097
0x1924,880.1289
0x51db,1002.37854
0x287d,734.6669
0x113c,672.51245
0x33b4,807.0284
0x33ae,1019.25616
0x3b50,923.7969
0x3cbc,783.14453
0x14f0,945.88885
0x1c14,1050.8179
0x27ff,759.44385
0x4216,654.70374
0x19f2,805.96936
0x1f2f,757.9375
0x356d,1203.4272
0x1b61,1137.1903
0x4f49,664.03784
0xe3b,547.1238
0x27d4,1063.6964
0x4379,945.36456
0x11fa,818.836
0x4784,800.43726
0xb31,586.2464
0x4977,676.8872
0x3986,899.61694
0x3804,938.0828
0x3671,652.1448
0x4d2c,843.82495
0x1382,726.8376
0x3524,1076.9043
0x1693,1116.5786
0x444f,915.67773
0x1234,774.6147
0x51cb,554.89746
0x23a8,790.86865
0x3ca8,681.4617
0x1acd,796.4477
0x26d3,828.7387
0x857,496.64508
0x4712,657.9752
0x4de9,834.41095
0x49f9,924.0114
0xf4c,1080.4575
0x457a,626.1748
0x4c88,726.5528
0x5188,917.0615
0x166e,751.1693
0x1b9b,635.8207
0x3cdb,754.4348
0x2835,461.9526
0x49d9,491.88623
0x15f7,808.3953
0x26a0,637.8354
0x2fef,593.2466
0x32ec,841.1037
0x2218,1189.563
0x45a1,711.99396
0x50cb,624.6083
0x132e,831.1266
0x3f4,985.02954
0xbff,1072.0615
0x3514,758.1475
0x4091,1028.1377
0x1432,504.59943
0x3a31,399.90295
0xc37,964.4722
0x3906,934.4991
0x412c,576.09595
0x13da,806.6772
0x1dbe,783.26025
0x591,817.9712
0x3eb8,703.6668
0x931,615.98285
0x484f,1060.5826
0x424d,832.68
0x9f4,707.8749
0x3fba,678.928
0x3df4,460.43805
0x3f26,945.22534
0x4403,1085.4531
0x3fa7,507.55142
0x258d,829.2328
0x13aa,691.0079
0x512e,640.1389
0xc4b,845.5912
0xbeb,792.41943
0x475f,696.6381
0x4a0c,641.2567
0x367f,677.52856
0x1c68,557.2082
0x475a,934.1729
0x20e4,783.267
0x3f03,504.5614
0x1e5b,548.021
0x512b,1274.9053
0x40bb,596.91235
0x3203,1031.2634
0x1a84,512.3016
0x2bc4,872.84674
0x490b,736.3865
0x15c0,810.512
0x4f80,824.38
0x4c29,832.56964
0x1e20,931.52844
0xba1,586.81946
0x3fd1,805.3523
0x62f,706.60547
0x4fde,572.8747
0x12dd,628.57733
0x43bf,887.1215
0x4139,717.7017
0x4e01,612.1001
0x22d6,634.7047
0x306c,924.2234
0x2bbb,634.1973
0x4f22,703.0403
0x485,806.3691
0x18d1,891.9574
0x3c56,551.8708
0x271e,851.2712
0x48bb,1186.3744
0x3e71,619.41223
0x4093,728.69073
0x2104,893.2684
0x29cc,873.98
0x4c16,680.6339
0x5b6,865.9757
0x1abb,880.2582
0x4726,819.85767
0x1f10,698.776
0x3962,827.5275
0x4862,819.12067
0xfcc,923.07025
0x10c1,641.3222
0x48f3,862.00507
0xb65,587.6536
0x2f57,855.808
0x1f33,779.3481
0x48d4,787.82404
0x45b9,936.824
0x489d,586.2791
0x4c5f,609.30365
0x197b,849.5024
0x295d,601.2505
0x470f,919.9395
0x3947,856.1293
0x1097,725.0034
0x1953,767.6793
0x25ce,768.4
0xa45,674.4959
0x4df0,801.1969
0xb97,638.1089
0x23e6,853.8849
0x47cc,626.2324
0x470a,702.02924
0x7ba,702.8321
0x4024,1043.0924
0x4ec4,733.15686
0x333c,531.54956
0x2e4d,993.33386
0x3e5c,611.74384
0x4e25,1052.3427
0x2d68,891.1093
0x145c,469.3468
0x428a,1037.0334
0x3f99,892.56024
0x415c,377.77365
0x8aa,814.00446
0x3be0,695.5653
0x40ca,564.3854
0x46b3,660.3331
0x230e,843.7292
0x9aa,573.31384
0x29df,1152.2522
0x22d7,787.8541
0x171b,587.5637
0x216d,739.27783
0x1047,722.1057
0x3b70,999.68835
0x1283,869.5782
0x927,680.7209
0x365a,961.96906
0x417c,652.51056
0x46a7,678.23
0x30cd,748.7426
0x3b7c,964.7086
0xe81,750.0866
0x1a7e,745.633
0x898,998.51495
0x4dcf,503.08057
0xbd6,714.9545
0x2baa,1076.7323
0x1c71,1012.32007
0x3057,1030.0319
0x289e,944.9715
0x4ceb,784.726
0x10f4,899.2442
0x2eba,606.8535
0x267d,839.3705
0x1b7e,507.5529
0x24bb,930.5966
0x26f9,602.4461
0x3af3,961.5114
0x134c,1040.2338
0x308c,760.30365
0x2c7b,865.28516
0x4e0,890.8931
0x4755,879.9049
0x95d,1071.1776
0x41ef,626.9089
0x2eb0,1078.9305
0x395c,1044.247
0x4fb2,1071.5638
0x1865,773.448
0x1f01,794.4988
0x84c,637.50037
0x2192,679.26886
0x23df,579.7522
0x1ebf,778.6605
0x4165,567.31854
0x12d0,741.96954
0x44cf,671.8621
0x4781,732.20447
0x474a,727.9035
0x45e4,873.268
0x3e82,586.6933
0x4160,942.8669
0x423,611.3368
0x30df,586.00494
0x34ea,729.88666
0x165b,513.0631
0x111b,797.16876
0x4bab,557.6406
0x2265,641.6525
0x3f3a,567.36914
0x31cd,1099.9446
0x3f9e,924.7523
0xcd9,780.87805
0x3b9e,573.2835
0x4d37,518.5511
0x4a71,723.0577
0x4620,641.7955
0x3adb,748.9272
0x3261,602.4256
0xfe8,679.22815
0x39ca,695.47345
0x3c6e,777.4028
0x15ad,462.7754
0x1b21,758.82996
0x21e7,860.2222
0x3120,620.7259
0x2037,892.0621
0x13c0,752.90454
0x4386,1190.682
0xb12,755.3816
0x27b6,879.1134
0x1fd5,892.27893
0x3e4d,946.74
0x3c0a,762.0245
0x15cc,659.3955
0x3405,588.64026
0x407e,596.3823
0x263e,1151.021
0x2aad,612.9963
0x1459,699.4084
0x1d77,926.2956
0x515c,544.46136
0x2ea1,471.64026
0x2369,526.0547
0x4b44,559.61206
0x3cd4,667.03436
0x47bc,469.52612
0x14cd,824.7857
0xb92,397.98032
0x2deb,864.47314
0x2ab3,586.48914
0x29ef,743.37115
0x368e,478.95538
0x1967,1005.8968
0x22fa,778.98096
0x409d,682.74316
0x4385,934.8525
0x1a35,761.3515
0x3ef0,635.8188
0x268c,725.6668
0x40cb,707.4096
0x4529,1294.4393
0x50f1,898.202
0x28d1,815.75336
0x18d9,915.86456
0x3dcc,1207.3007
0x667,484.68045
0x4ff1,1037.125
0x40d5,1157.996
0x2674,930.59045
0x1862,1222.7244
0x12c9,495.24255
0x1810,746.7153
0x6aa,614.446
0x2775,1046.543
0x105e,822.37244
0x956,585.0038
0x1bc3,1231.5364
0x4532,560.9963
0x41b7,1275.0999
0x2e1f,478.60336
0x33c4,459.90436
0x51c9,702.1759
0x483f,832.245
0x3084,832.2175
0x2f63,1114.114
0x4230,678.089
0x3482,666.3569
0x32eb,711.4646
0x3aa1,714.39325
0x4ea4,610.4579
0x4826,1074.9784
0x80f,527.19904
0x4d0e,888.8707
0x4a34,641.1452
0x14f7,647.479
0x478,834.7592
0x49b3,932.93097
0x2d93,708.1243
0xfee,847.40106
0x48c0,956.13837
0x9d4,849.85657
0x2c44,913.63007
0x3d34,514.5663
0x442e,906.09924
0x2094,674.1615
0xf01,367.36987
0x3c1b,644.86615
0x535,764.2187
0xd90,788.4216
0x4f58,562.49817
0x856,1397.6387
0x1607,466.70352
0x492c,621.7298
0x2275,833.8048
0x41e5,892.8923
0x42f3,987.9045
0x15dc,1041.9803
0x1099,854.2616
0x2c40,939.61743
0x464f,763.01056
0x2910,820.5292
0x17c4,712.36584
0x258b,656.9316
0x3334,740.6189
0x309d,750.89575
0x476e,689.19836
0x4014,759.5591
0x1c45,1006.9987
0x4771,1076.3247
0x758,785.1273
0x1bd7,693.9086
0x4388,690.6857
0x120e,658.05865
0x38fc,766.20215
0xa20,691.82983
0xddc,885.82385
0x122b,1122.8633
0x94b,875.148
0x2eb7,734.0908
0x11a8,1086.6975
0x3168,464.86942
0x2a74,1068.2161
0x3fe4,806.43677
0x722,1020.96497
0x4656,789.1313
0x22d4,576.50287
0x3e37,1064.561
0x346f,704.11017
0x2bd2,1032.5242
0xa6b,951.30865
0x45c7,367.2532
0x2344,584.1714
0x40a6,668.3843
0x45bf,649.1719
0xead,808.46783
0x43e0,668.90717
0x2c35,476.7991
0x4f19,543.28815
0x2827,738.4548
0x13f1,652.1199
0x2d52,623.4913
0xb56,898.8207
0x3c34,678.1685
0x22b4,745.59955
0x1df9,997.9618
0xf4b,894.1334
0x2ba1,771.20074
0x3555,743.5924
0x1fe7,606.31067
0x4e82,1108.9786
0x48dc,1190.1036
0x870,854.6258
0xc6f,561.1635
0x3918,1115.385
0x2774,788.6393
0x26f4,768.3732
0x1610,684.0258
0x20f9,822.73254
0x3a6c,795.03925
0x4ba7,865.9134
0x46e5,1026.2716
0xfce,875.2474
0x3bbf,1081.6127
0x212c,775.8208
0x7a5,583.5249
0x4527,1256.5488
0x36fb,584.0962
0x45cb,1214.7075
0x75a,922.5193
0x33f0,758.5264
0x50a2,634.1692
0x454e,766.13495
0x4044,831.6147
0x177f,631.74567
0x3307,749.7194
0xe03,696.5723
0x12b0,802.5148
0xa6a,576.9432
0x2795,759.6409
0xd88,752.1177
0x113e,700.593
0x25c5,512.8332
0x3c51,724.49915
0x3052,905.2351
0x27a7,810.20135
0x250f,441.7742
0x2574,521.2043
0x3136,839.7933
0x509b,750.1474
0x416d,872.94495
0x5206,826.9742
0x5ce,713.30365
0xe84,765.7456
0x181b,890.794
0x2799,537.7309
0x362b,843.66644
0x2890,708.1497
0xfab,931.3069
0x4466,923.5497
0x360b,713.8382
0x4114,761.95984
0x344d,609.5236
0x4d8,836.74304
0xce1,1063.4327
0xeac,662.34766
0x14e5,969.52637
0x40a0,889.9874
0xdc2,1008.54126
0x5089,827.5331
0x38da,779.0234
0xd8a,904.07336
0x39ba,711.2919
0x888,471.24127
0xb90,431.19635
0x4eb4,653.9281
0xd69,829.605
0x4831,663.2357
0x73b,620.3753
0x2e90,800.19037
0x16aa,1012.7686
0x2e37,850.3182
0x287e,794.6359
0x1d84,921.23755
0x4200,600.52386
0x492d,742.3365
0x1cf3,715.4535
0x40a4,779.4789
0x4abc,614.57404
0x17e7,818.9789
0x3b53,538.41034
0x1699,715.7595
0x4b5a,752.85474
0x4e62,916.41547
0x469f,692.3041
0x24c5,660.03
0x2b87,954.48486
0x398d,773.25256
0x107b,1009.83905
0xd56,997.96564
0xf03,700.30707
0x3372,671.4477
0x4012,818.99884
0x155e,968.1294
0x4ea5,1057.2935
0x2838,710.36115
0x1ad7,608.64453
0x3cf5,461.9874
0x51df,1067.5542
0x4eea,802.98175
0x2815,1266.5894
0x2b5f,753.5213
0x35cc,1164.0759
0x255c,667.2086
0xba9,726.4506
0x306b,612.8174
0x1754,843.1911
0x2793,677.5664
0x3d70,630.67206
0x1719,728.036
0x39d6,621.3869
0x32b3,1177.8718
0x328b,740.6772
0x4f37,441.18558
0x1c01,634.16437
0x3114,598.9926
0xdba,727.9101
0x2bd8,1003.30664
0x4a67,700.7948
0x420,726.5202
0xa5d,838.37317
0x479d,699.62823
0x4e4f,948.24036
0x2bd6,859.83014
0x31b3,859.2908
0x2548,610.2824
0x6cc,719.30414
0x3bfc,645.36945
0x1dfa,910.9165
0xffc,661.33514
0x2fd8,767.64746
0x35b9,724.8451
0x2a92,654.0616
0x5a1,881.5305
0x2a0a,773.06305
0x3d64,776.5759
0x1ffe,799.79974
0x3c6a,624.58246
0xcf7,733.7021
0x2c0a,685.30164
0x44f9,796.3368
0x48e2,860.3867
0x2b95,1055.0543
0xf77,1103.2628
0x2d30,721.4658
0x2fd1,703.8272
0x4075,654.6719
0x10b8,710.00586
0x2760,682.23975
0x3d86,795.03467
0x20bb,715.31836
0x1de4,991.6476
0x5129,757.96893
0x206b,787.23865
0x3d04,793.19476
0x4ca,569.32446
0x4c06,750.82733
0x51c,597.3389
0x2e48,810.60046
0xc1d,485.12256
0x1142,1376.6797
0x1636,869.8561
0xd99,878.844
0x2603,479.8572
0x47d4,780.3982
0xbc8,696.5564
0x49e5,1148.8069
0x33aa,921.2964
0x32a1,919.8649
0x2b9f,916.2687
0x486,847.7349
0x23c8,989.74615
0x356b,642.53125
0x12d8,538.7123
0x4ad6,817.4449
0x38b2,780.1043
0x2c6b,837.98395
0xf2c,837.0232
0x4654,591.4727
0x4801,1274.2471
0x3713,1041.3221
0x24e1,897.3903
0x4b80,843.12836
0x1cf7,592.875
0x4fe1,893.2939
0x2db7,769.3981
0x2596,695.3405
0x2243,1096.8383
0xe27,679.543
0x194d,673.1689
0x4875,667.5634
0x23a7,949.1058
0x432a,800.897
0x2397,732.4328
0x270e,1129.9532
0xecc,1048.9825
0x4551,1045.489
0x119a,813.9314
0x1813,502.58923
0x3e84,1180.6693
0x51b5,738.7664
0x26e1,876.0428
0x2755,819.3661
0x2bf4,747.4334
0x5189,678.8114
0x3178,486.8383
0x1861,596.12366
0x17c9,479.54636
0x1799,655.7194
0x372f,996.4673
0x237c,1117.8423
0x3e6f,422.37
0x9b2,715.32825
0x16ae,640.574
0x2aca,919.0328
0x11e6,975.8672
0x3166,466.22754
0x4436,1153.948
0x15cf,450.63565
0x3452,611.89905
0x29c1,984.02246
0xaaa,619.29083
0x4802,1025.2126
0x380c,608.48724
0x49c,579.52423
0x4d27,435.47314
0x44ba,522.4308
0x4e7b,784.6595
0x12e5,1050.9712
0x2d6f,1023.21564
0xc99,728.7592
0x1740,552.9766
0x462b,688.41473
0x3ab7,750.0451
0x20f7,1222.726
0xfdb,786.384
0x2976,696.873
0x3da4,675.6819
0x1203,738.94055
0x4593,631.86707
0x980,961.9191
0x36a5,683.1115
0x3b09,927.3824
0x371a,957.8158
0x2fb6,788.4975
0x4084,691.8704
0x34e3,775.6059
0xfaa,528.09796
0x28d3,713.02344
0x3919,629.80054
0x28ff,672.1515
0x3180,940.63196
0x3e81,489.5634
0x1eab,586.42395
0x454,642.36005
0x1a3e,711.75604
0x3eb7,576.5194
0x1dac,1208.5787
0x233f,833.5969
0x16e5,879.96655
0x4f98,881.73773
0x2ed1,927.2781
0x2a3c,455.96695
0xa2d,680.96826
0x2b13,588.98364
0x3418,1021.00146
0x2400,626.41223
0x2a89,765.71136
0x14c0,987.0522
0x1daf,605.43677
0x1d91,817.48303
0x1ef6,895.7978
0x4bc3,1005.23895
0x4104,891.2716
0x28b7,924.1215
0x4cf4,797.08405
0xc6a,586.20245
0x1e50,716.63995
0x268b,1017.2543
0xd38,812.2906
0x2c36,740.4106
0x23f7,1024.0815
0x37aa,1006.06946
0xe5d,705.98883
0x439c,669.5208
0x263a,655.97186
0xaeb,1038.5452
0x44a4,593.0339
0xff0,905.67334
0x4806,726.85944
0x434b,510.25253
0x1756,800.02673
0x3b4f,745.9961
0x4629,384.27988
0xa97,703.7306
0x795,852.06476
0x12ce,917.50464
0x49cb,670.3955
0x451c,764.1531
0x26c6,1003.0566
0x2ca9,594.4965
0x855,577.5721
0x378c,631.77875
0x26a4,803.8484
0x1d6f,865.0542
0x39a2,1088.8485
0x9db,755.597
0x35c0,618.78937
0x2e68,867.43134
0x4b53,970.2571
0x4d59,743.7446
0xa63,845.0405
0x3ec1,782.59045
0x34e2,747.6916
0x3c75,749.57996
0x1cb6,967.6526
0x1e4f,1122.4072
0x26d1,1011.5244
0x33c0,472.51956
0x26ca,940.79614
0x159c,1011.28564
0x947,868.4585
0x14d1,915.48303
0xe47,888.4918
0x6ae,895.61285
0x4a01,994.47925
0x10af,687.65027
0x24a8,773.69666
0x4d5d,761.9412
0x20a0,627.84644
0x336c,620.6386
0x234d,529.93396
0x3597,630.3473
0x4a6d,807.92365
0x5a9,943.9884
0x7ce,759.26465
0x128a,847.16034
0x1de9,990.8606
0x2383,636.87384
0x3942,724.5649
0x2718,806.7599
0x4ac8,727.6418
0xc20,847.6141
0x4a6e,657.96484
0x4a70,890.122
0x1637,1048.8464
0x43e1,706.61725
0x3a46,736.18494
0x450a,486.29333
0x37f1,403.07764
0x45e7,855.2973
0x3ddc,570.7446
0x22f8,915.6694
0x4da,475.16586
0xd98,1166.5592
0x3bca,670.8198
0x4d0f,565.8593
0x17c3,898.04395
0x40e4,1096.182
0x1982,717.5574
0x489c,712.1448
0x2bed,1149.048
0x3635,873.4438
0x5d5,1177.298
0x337c,686.6355
0x26b7,663.28906
0x4040,778.6215
0x1ca5,816.55115
0x1825,796.29956
0x11e7,972.85236
0x32b4,902.15576
0x3d03,612.3655
0x2dda,597.07007
0x74c,948.3684
0x4e9f,604.7722
0x43d8,654.04504
0x221d,719.57104
0x4ac3,820.15173
0x4247,776.97736
0x2484,748.52527
0x3ad2,848.1235
0x1176,903.7147
0x282c,805.7572
0x2438,835.5194
0x2ec1,742.1465
0x2662,1006.0507
0x1882,599.1209
0x15f5,924.7316
0x2964,1014.8904
0x3923,1021.5552
0x2dd0,714.1146
0x45d,866.08514
0x1b3a,775.2377
0x4d17,868.208
0x469b,842.18365
0x3032,860.95416
0x4c5a,520.08716
0x445a,538.655
0x3195,553.152
0x436a,605.93787
0x12cf,751.83875
0x18be,769.634
0x79a,994.0744
0xf5f,885.725
0x3e0f,1063.3744
0x3268,722.96454
0x4017,774.51196
0x3ab8,816.4211
0x1128,1002.3905
0x2bae,849.4044
0x521,819.47076
0x4581,968.53894
0x10de,724.1231
0x2120,754.7597
0x244d,748.4099
0x4b25,659.4424
0x11a9,532.9243
0xed5,699.5371
0x2c43,937.5158
0x365f,719.28735
0x1e8e,548.29645
0x3093,812.04626
0xecd,752.5769
0x1f18,944.789
0x5071,591.1888
0x6e2,917.84906
0x83b,811.69666
0x300c,866.88416
0x4d55,833.8752
0x4970,710.92236
0x444,877.25464
0x2caa,611.65845
0x4f39,478.8054
0x4f0b,681.616
0x48a3,715.86053
0x11f0,970.96747
0xb68,1324.975
0x1a57,718.5534
0x1aa8,916.1983
0x1e5e,631.4999
0x1c8b,813.0427
0x992,971.5181
0x3286,969.0383
0x1ac8,684.5061
0xadc,811.0428
0x35ad,813.3763
0x303f,947.904
0x2cc9,573.51807
0x4779,790.5885
0x3eaa,431.4697
0x2854,576.1495
0x137e,734.2021
0x2c50,1125.6655
0x477e,386.44968
0x268f,758.7836
0xf7f,619.2218
0x1486,916.5304
0x2c2b,862.17847
0xe44,760.4927
0x2c80,854.585
0x14cb,601.9975
0x4670,715.243
0x429,1119.0331
0x4acb,1027.0691
0x41ca,922.0492
0x3d59,1065.6722
0x304a,844.38116
0x3943,700.66486
0x1d41,726.54175
0x25e2,835.7286
0x2796,917.18365
0x1707,541.0824
0x1433,1211.756
0x2746,921.2771
0x4f4f,596.18365
0x2d33,527.14124
0x2264,431.8408
0x11b4,1093.2161
0x4d25,869.477
0x34f9,453.8968
0x31a8,652.5719
0xbf5,734.491
0x70b,970.1715
0x3336,874.15546
0x27c9,439.4819
0xfcf,622.4391
0x4ec0,548.9523
0x12ec,1033.4664
0x30b0,985.01544
0x4e9e,597.71735
0x2924,924.70337
0x3b47,960.9316
0x397c,1108.4346
0x11eb,911.36005
0x1199,447.07697
0x127f,637.7822
0x3140,682.708
0x4f4e,677.2482
0x4537,767.0891
0x436,549.687
0x852,865.2798
0x3864,680.5982
0x4438,898.87256
0x1757,744.67004
0x2fa3,1050.5127
0x258a,640.91315
0x34ec,753.637
0x4dd8,670.32385
0x31b5,604.3493
0x27d7,1081.4937
0x2ccb,706.005
0x38a3,639.8191
0x51b9,612.79926
0x3622,830.749
0x4fae,823.53253
0x3cfd,489.5372
0x2a23,686.10535
0x504e,536.58984
0xb94,537.9384
0x93f,665.6848
0x2da8,751.82477
0x28ba,552.30286
0x4a2b,770.6809
0xc1c,747.52905
0x4955,784.9742
0x16fe,776.43555
0x12b4,895.404
0x3288,648.8073
0x40e3,801.0444
0x27e9,1080.3539
0x4ad9,595.6415
0xd7a,854.5032
0x149e,923.981
0x65e,738.18365
0x2f2e,747.245
0x2dc2,842.55164
0x413,612.32983
0x1c28,920.5222
0x23da,770.94415
0x229e,793.3971
0x38b9,891.19507
0x3a23,539.2369
0x4bcb,916.11664
0xfea,747.5917
0x30f0,625.0743
0x120f,895.0818
0x16bc,684.7457
0x2cbb,675.1308
0x3441,797.7597
0x1e7d,1183.9556
0x484d,854.7685
0x25f1,848.12146
0xcb5,890.9262
0x47e5,892.0727
0x44e2,1053.1172
0x4ded,1162.6138
0x4d04,567.1735
0x515d,1025.8282
0x1a06,953.9966
0x3748,887.5514
0x188a,773.27167
0xe05,1166.903
0x4f57,685.4444
0x66e,764.9621
0x1a61,599.423
0x6a2,575.3042
0x4065,787.3922
0x12c3,855.9325
0x289f,690.6558
0x4815,635.14246
0x18aa,637.4842
0x4cbf,527.64044
0xe08,552.94836
0x41dd,1105.4113
0x3695,696.6189
0x166f,897.0759
0x3866,643.61035
0x1f0f,949.46747
0x4328,597.27826
0x2c68,819.81934
0x3217,1129.0684
0x4193,765.4324
0xc55,681.0105
0xa04,973.96545
0x4eb5,622.20135
0x43af,854.6229
0x7d2,1345.6665
0x2da0,945.0973
0x196e,758.8256
0x372d,1074.0382
0x3bd2,667.91656
0x477b,724.0468
0x40aa,566.8367
0xec0,989.5961
0x4762,1158.477
0x3a2c,737.89404
0x5077,858.74347
0x222e,1112.4133
0x18ab,411.31546
0x4af,399.24887
0x3513,823.15094
0x2747,852.9139
0x159a,863.67633
0x4d7f,604.14185
0x11ee,590.1362
0x2e96,1092.5864
0x1546,866.5892
0x43db,719.1059
0x13a6,998.16223
0x1baa,598.4188
0x3283,987.0932
0x4bca,943.3351
0x2fba,610.8405
0x47ef,749.6136
0x30d9,613.15674
0x43e2,775.3796
0x9ea,642.23016
0xd66,984.1806
0x4709,739.69775
0x3245,864.5003
0x156a,809.8676
0x2546,513.7373
0x107e,873.4404
0x4af6,801.3787
0x6e0,532.3734
0xade,777.84595
0x1424,499.37292
0x2136,567.37244
0x4d5c,845.9525
0x4f30,767.8444
0x251c,1032.1307
0x1cd3,849.3084
0x3da7,593.5813
0x5103,691.8968
0x3151,658.9709
0x2364,579.10956
0x5184,1057.7422
0xe1d,818.67474
0x2edf,943.076
0x3a20,1100.8948
0x3625,806.21295
0x4e5d,693.1721
0xd4c,1009.70184
0x2d5a,1068.0623
0x5190,608.2531
0x32fd,699.9144
0x2537,559.8216
0x4c6d,636.7044
0x2a4d,617.74835
0x3349,585.49854
0x252b,905.2877
0xc49,954.9856
0x1d19,896.853
0x4837,780.72906
0x3ccd,1162.9042
0x2d15,855.9015
0x122e,791.27795
0x51e9,707.91296
0x14b1,682.56934
0x331b,928.9642
0xeda,696.8887
0x1df8,740.5155
0xd96,1042.715
0x4cae,894.9447
0x821,463.51102
0xf76,661.6156
0x41cb,974.1484
0x17c2,593.0633
0x4b49,921.29553
0x4300,633.8418
0x2fcd,816.19495
0xb4f,754.98157
0x8c3,594.8104
0x240e,861.3386
0x634,524.4308
0x4eab,747.857
0x4ab2,1129.5391
0x3f45,756.7472
0x2069,949.09216
0x27bb,630.07776
0x1cdf,760.5021
0x10e9,377.63748
0x1ec9,798.33014
0x3956,858.2678
0x4dee,879.65063
0x41f1,533.07983
0x3e49,1009.19934
0x3692,1103.5085
0x15fe,820.8376
0x1875,703.92584
0x3ce9,1184.047
0x117b,957.7752
0x31a6,493.57904
0x2d80,1016.5599
0x7f5,875.4832
0x2f24,804.73315
0x41f,956.36865
0x125e,765.6529
0xb77,778.81903
0x2507,839.0699
0x8ff,889.7357
0xbaa,888.9347
0x33a5,398.4949
0x5007,704.13806
0x2d0d,818.8075
0x675,548.91144
0x3bf8,689.94415
0xacd,1095.1208
0xcd4,638.16187
0x210c,731.49634
0x2770,702.6385
0x502f,875.0479
0x1c35,416.62262
0x10f3,955.85754
0x38fd,454.70917
0x1ead,518.6416
0x2e3b,504.70938
0x209c,753.7987
0xf7e,637.1417
0x239b,790.4702
0x3e56,769.10895
0x2d84,610.73425
0x4d6b,1052.291
0x3412,510.4528
0x8b6,1106.1637
0x3f1c,631.09796
0x4796,626.9651
0x158e,779.0612
0x3da8,515.33136
0x3c54,702.9793
0x1216,799.75214
0x2063,599.7446
0x295a,924.61743
0x49f2,695.35614
0x14bf,505.0638
0x1fc5,733.0435
0x11b0,676.89044
0xe94,617.8485
0x309e,1006.9401
0x564,881.17456
0x148f,830.3039
0x3def,682.98676
0x193c,893.2411
0x22a3,833.1895
0x460e,948.7787
0x1ee2,787.04266
0x48f2,757.78064
0x4bb5,624.307
0x352a,715.8616
0x4ae6,538.879
0x3394,972.7382
0x290d,836.8834
0x3ef2,851.9526
0x2e7e,864.48175
0x3feb,614.73114
0x88a,1026.5476
0x1b10,788.87585
0xf12,713.98047
0x4d8c,484.7024
0x32f1,1022.9718
0xccd,885.69965
0x3a37,997.7467
0x4034,818.3172
0x9af,724.0903
0x4552,1043.769
0x33f5,731.43567
0x74a,422.92688
0x15f2,874.5611
0x3f2c,612.3778
0x36b1,416.38068
0x2a87,954.7229
0x377e,569.0574
0x22eb,744.87067
0x164d,841.01825
0x39e3,780.25085
0x31af,1064.29
0xb04,486.7979
0xaef,762.06555
0x261c,842.7369
0x4ef3,853.2825
0x4322,868.5438
0x3e78,992.653
0x1616,569.5251
0x1f4e,938.1901
0x43c5,783.18787
0x454d,688.96155
0x4e18,714.5326
0x1e29,931.50494
0x3663,1018.4997
0x37de,768.26514
0xd08,624.2427
0x7b8,654.4509
0x12d1,1083.426
0x3f87,950.0371
0x2b34,597.16376
0x375e,560.81146
0x9e0,846.4165
0x3fa1,819.9741
0x3a24,473.5772
0x5163,743.7985
0x3107,608.004
0x312b,609.7077
0x479c,628.3723
0x5ba,1147.5039
0x3832,664.17346
0x25c4,931.8857
0xff1,974.76874
0x22ef,649.4926
0x3487,943.2882
0x17fd,875.78925
0x6fb,895.1812
0x4cb2,1061.8173
0xe8a,870.3659
0x1044,1040.6039
0x7fb,903.5075
0x4f56,947.4675
0x1e1f,635.1528
0x30a6,437.56818
0x512a,819.8498
0x42f8,921.6796
0xe9f,632.18896
0x2684,620.63916
0x1869,1042.8586
0x2728,866.5987
0x3752,713.97064
0x159d,982.7106
0x3370,997.2777
0x23ea,746.20416
0x6f0,611.32367
0x3201,829.0955
0x2860,881.55115
0x4e5,901.3538
0x804,519.9292
0x46c,577.5666
0x351d,900.382
0xd42,1103.2444
0xa1e,847.39343
0x371f,818.5971
0x4f33,1070.7456
0x236c,964.2433
0x2424,761.01825
0x12d6,927.9057
0x1bf8,892.2101
0x41ff,801.3607
0x45c5,770.95953
0x461c,853.7053
0x18f1,800.3896
0x472b,954.23267
0x249f,929.4449
0x158d,496.93552
0x29ab,991.05585
0x2e0e,821.52905
0xb02,842.41547
0x3aae,471.48807
0x2695,927.48846
0x4b82,984.75244
0x3e01,981.4054
0xaba,659.957
0x21bd,767.39386
0xa6c,1125.3408
0x289d,621.1307
0x25a0,948.94336
0x4035,551.2396
0x3f82,812.0067
0x1a79,694.5028
0x36bd,875.2277
0x1fb4,893.5824
0x22dc,657.2054
0x589,710.1343
0x444a,831.7463
0xbef,732.2767
0x20f2,714.7169
0x2a26,691.6032
0x3ad0,685.4735
0x141c,955.11804
0x3707,795.77423
0x4eff,675.4837
0x20d3,732.37103
0x1bd5,599.92426
0x5200,981.5304
0x497c,622.8396
0x32a8,460.2905
0x5090,904.14233
0x4ca1,865.8205
0x419a,814.8075
0x4e1a,570.4457
0x2e47,414.67212
0x440f,918.29034
0xddb,960.512
0x2d1e,873.12317
0x2d1d,873.30963
0x222a,795.21783
0x3721,771.6024
0x26f1,777.4344
0x1e8c,839.1672
0x4b7d,719.4222
0x51a1,841.53894
0x3a34,652.0829
0x45c0,658.652
0x3031,1034.315
0x3cbf,862.1193
0x4b8e,661.04895
0x655,1232.9014
0x421b,1169.0048
0x1258,830.6392
0x1999,923.48193
0x3d2e,811.3662
0x29e8,650.5958
0x43bc,1090.9294
0x3751,931.8101
0x3dd5,808.57605
0x5032,814.59033
0x4854,953.6286
0x2700,669.1818
0x1d56,501.89716
0x3544,632.0728
0x40b1,1013.36816
0x4ee2,881.6423
0x35d8,406.15887
0x439f,659.8754
0x3a7a,614.80945
0x3731,1190.3982
0x1648,696.6381
0x177d,863.60175
0xa96,1117.4004
0x4242,736.744
0x4de8,798.6001
0x4c33,548.3997
0x3b3f,769.2567
0x20fd,467.67194
0x4003,858.3488
0x4fe6,767.92786
0x1bec,484.50183
0x4d0c,928.8189
0x2bcc,587.6085
0x1fba,1036.5331
0x4f85,825.1087
0x1c2b,531.68317
0x1f13,926.1057
0xf59,872.0633
0x29d7,768.82776
0x16c2,626.7507
0x1adc,927.56464
0x220c,929.6231
0x4073,1067.1001
0x1e57,1020.8443
0x2fd4,693.45776
0x1685,731.8271
0x2607,880.10626
0x4cf8,764.75494
0x40d,664.1047
0x6a3,889.06396
0x36b9,878.77356
0x20bd,838.09625
0x284d,1074.6216
0x751,509.0102
0x1b14,622.01953
0x1af0,1019.53326
0x12c7,670.29767
0x1b38,762.27594
0x1ed1,746.07
0x2ab0,1066.2893
0x251d,970.44073
0x236d,1009.8487
0xc01,607.9799
0x512d,505.9489
0x2b00,978.10425
0x32c9,1041.0416
0x482f,817.3763
0x106a,840.465
0x1eea,858.3726
0x1183,805.34656
0x2034,569.5786
0x26d4,485.69427
0x513a,660.37726
0x37ab,852.96277
0x2aeb,720.91656
0x3b44,1060.1519
0x21b6,634.81635
0x1554,658.3518
0x3134,458.12033
0x316e,883.36804
0x640,642.78625
0x4a35,850.4205
0x1752,702.32056
0x3066,1208.9478
0x818,504.6988
0x3fa,841.2096
0x4edb,813.928
0x40c1,1001.6456
0x1630,846.6684
0x2a2c,1289.974
0x11ca,578.36
0x5010,622.7617
0xe58,1042.8949
0x5b0,553.0328
0x2555,845.3368
0x21e8,574.26135
0x1b68,620.26526
0x4e1b,870.7681
0x3f46,693.16064
0x583,733.7
0x34fc,937.17523
0x4443,1029.9596
0xc57,976.1497
0x2a9e,1008.1696
0x297a,902.515
0x44f8,615.4198
0x2faa,636.7733
0x4701,742.18146
0x1efe,778.8941
0x700,787.46094
0x274e,665.8611
0x418c,783.28864
0x3d7c,605.62354
0x3645,586.02783
0x4286,727.28906
0x1cfe,1046.6173
0x65d,878.7321
0x11e3,744.4407
0x98a,787.04193
0x2ef2,907.8893
0x1c51,721.7907
0x3ecd,670.39233
0x17c6,852.29193
0x45b1,849.8424
0x42f1,680.2138
0x5034,963.5111
0x1920,699.71625
0x37a5,1072.355
0x414d,997.53455
0x3ae2,1081.7024
0x28a9,447.42075
0x3365,820.79565
0x2bdb,718.0163
0x21cf,553.5322
0x1b81,839.59265
0x2017,534.7809
0x16f8,599.2335
0x1450,778.0147
0x139d,920.8823
0xb9d,1025.8943
0x3cb8,908.05676
0x2f4f,842.2532
0x3b31,550.5723
0x63a,578.3841
0x1cc6,961.55176
0x4ed,767.0982
0x1f3e,790.16986
0x19f8,975.22064
0x27b5,419.95706
0x404d,464.19894
0x18ff,499.903
0x25b6,805.3927
0x3eb2,503.56705
0x1b6d,860.97064
0x17fa,675.24054
0x434d,939.4781
0x2680,898.2012
0x3d57,563.5536
0x1afe,503.267
0x1bf9,782.2801
0x3ed2,781.6142
0x22bf,577.7027
0x3ade,680.7514
0x299b,549.8202
0x2d87,911.2693
0x12fa,890.13727
0xec7,904.1601
0x51fb,553.2406
0x3e65,1233.9624
0x2009,611.7669
0x37b5,891.8979
0x1557,594.7418
0x35bf,914.80054
0x1220,702.36646
0x487,980.3081
0x1154,882.0935
0x4f15,725.793
0x452c,635.28937
0x1a77,873.43
0x51a6,401.0055
0x1502,738.4016
0x1615,700.1618
0x2ec5,620.1002
0x45ef,466.22443
0x4f1b,635.1712
0x1888,759.6573
0x3e1c,899.7735
0x23d9,881.76764
0x3492,660.5712
0x50e6,639.5644
0x337a,813.29834
0x3857,711.736
0x2d06,1204.2632
0x43fe,850.1683
0x3562,865.5947
0x22bb,398.92972
0x3c22,654.23627
0x2ee2,658.9407
0x449a,664.8243
0x2952,1032.464
0x489b,537.4715
0x29e7,814.88837
0x19c3,862.49426
0x1ae1,736.28046
0xcdc,621.2462
0x1840,656.4052
0x3c18,457.78058
0x1613,882.5585
0x1f28,954.1886
0x46d7,603.665
0x275e,746.06256
0x185a,902.94415
0x2c2d,639.8087
0x51dd,1184.5966
0x15ec,690.8221
0x4e19,1028.9417
0x1c76,818.7068
0x291f,462.6832
0x3475,678.04694
0x47f7,837.8565
0x1fe4,930.34503
0x46b1,666.2984
0x39e5,718.68054
0x33a4,721.4624
0xef6,750.15454
0x30c5,966.6556
0x2a0e,771.45856
0x14d0,745.65
0x2287,758.2918
0x480c,876.3252
0x2515,951.4884
0xe3e,762.29596
0x249a,693.37976
0x4f00,556.6423
0x425f,828.425
0xa78,646.0736
0x34f4,599.86584
0x3ab0,605.237
0x26ad,585.55634
0x1842,519.0585
0x24c9,990.6489
0x10d9,801.2224
0x50c6,786.32623
0x4ecb,670.0123
0x40ad,546.2307
0x3b10,598.16235
0x3ed1,1056.3994
0x2a88,955.7541
0x4f71,664.868
0x31c6,632.4907
0x3d20,731.185
0x4eda,1055.5713
0x462a,995.38025
0x3c29,764.14075
0x1314,707.83435
0xb16,1044.9014
0x4975,567.8872
0x42ba,869.45667
0x3e8c,430.76025
0x44f5,1138.7384
0x4fe5,998.80634
0x5ee,617.67053
0x16e4,974.3035
0x18b6,865.2246
0x2754,785.70026
0x2b2e,893.17255
0x43cb,549.7591
0x4e60,958.91486
0xc1a,976.7992
0x3329,948.47284
0x4e26,755.70404
0x3c2f,565.77277
0x22dd,943.38135
0x43be,761.2135
0x489f,567.94977
0x3d9f,605.11084
0x28ee,556.39575
0x4d49,665.32184
0x2363,793.0166
0x6ac,945.18823
0x3328,835.0602
0x3ec3,587.38556
0x4880,761.9242
0x50a,818.06323
0x164f,710.20465
0x2ad5,647.76495
0x1c1e,805.6332
0x344a,779.38446
0x21d1,476.3539
0x197f,657.1976
0x2160,822.5855
0x1ee4,950.7255
0x274c,747.6056
0xaf7,997.7576
0x3512,866.74243
0x4d97,792.8695
0x3ffe,766.71454
0x420c,890.68964
0x3d2b,1131.1123
0x18a0,927.17993
0x4431,675.465
0xba8,688.04517
0x59e,763.6261
0x17c7,724.4208
0x4610,951.3613
0x2c6a,828.7363
0x19af,635.4896
0x2798,642.3784
0x18ed,609.14856
0x32c3,926.9111
0x3e4a,724.64044
0x13a1,608.2769
0x32c6,717.5615
0x3b96,515.22156
0x2696,493.28116
0x152c,668.48724
0x1d79,621.5801
0x2fa6,765.98193
0x94c,809.30786
0xfdc,874.0596
0x43bb,706.3044
0x86d,722.09125
0x4dd2,751.94666
0x2014,786.08777
0x20a3,834.1035
0x2592,1022.2789
0x4ed7,1052.809
0x4983,661.34143
0x2072,609.815
0x1a45,882.9852
0x20f0,813.562
0x50b6,682.2957
0x1170,929.92596
0x415f,526.1505
0x2643,696.03815
0x3e43,594.6814
0x2afa,744.54224
0xdad,990.7392
0x2893,975.7946
0x172e,1124.0961
0x4e8d,669.1394
0x3fdd,915.4896
0xf06,934.7714
0xc66,561.77313
0x21ba,530.0906
0x1f25,521.729
0x4208,640.3224
0x2e56,711.17426
0x125c,658.021
0xdff,894.21826
0x2258,1017.1592
0x4cdd,753.2662
0x3426,759.7765
0xe21,825.2417
0x437,839.3656
0x2962,752.3526
0x10db,1278.3617
0x2e5e,822.7118
0x4bdd,693.1513
0x368b,641.68744
0x3490,772.1685
0x78d,675.75696
0x196f,1030.2952
0x275f,805.9766
0x3700,693.1153
0x4754,619.40985
0x1a7b,1100.7783
0x39ed,522.6049
0x1d67,733.7426
0x48b3,980.49
0x3842,607.5212
0x3a2b,568.0649
0x1a88,1089.4043
0x1f98,603.24805
0x7e9,895.051
0x779,714.6379
0x43f4,548.20575
0x2176,1125.4944
0x17a6,956.4863
0x17df,497.9185
0x23aa,447.5889
0x182e,930.32996
0x443,659.7899
0x45bb,648.02045
0x1af3,880.4744
0x3d15,555.29126
0x4ad3,741.216
0x3d5d,629.5654
0x4673,711.91144
0xb5b,806.94525
0x28f2,1168.6074
0x204a,842.13824
0x2528,981.9793
0x183e,810.7958
0x500,640.0464
0x1f16,755.5584
0x4819,554.78394
0x3705,703.39246
0x2f1b,612.2157
0x2df8,946.29266
0x4033,637.8211
0x3640,664.78436
0xfbe,764.5818
0xc14,939.5682
0x4861,1047.5131
0x50fa,805.776
0x901,838.44525
0x2497,867.67126
0x2afc,932.4239
0x2217,589.5664
0x39bc,798.7399
0x7d9,741.58325
0x32d1,601.9685
0x33ca,808.287
0x1b83,762.0648
0x39e4,892.01996
0x3463,1027.6931
0x3e74,987.4896
0x12d4,670.6708
0x44d6,768.23114
0x14b7,416.10083
0x5b7,903.305
0x5161,676.3514
0x425c,776.35443
0x2204,803.2912
0x4d69,869.1358
0x801,677.57056
0x1a78,765.4164
0x47dc,415.03656
0x282a,708.4445
0x2256,582.39777
0x41fc,562.1469
0x27e1,610.1241
0x3f13,1076.0652
0x1d50,1125.6709
0x66b,549.2348
0x1a0e,832.59735
0x70f,847.4257
0x33a2,616.2996
0x2b41,756.22955
0x244f,845.6976
0x250a,518.43463
0x1b7c,685.3948
0x4a62,616.99915
0x1381,865.6413
0x44c2,749.63184
0x4433,590.6092
0x4523,878.4723
0x486d,827.0648
0x46b7,1029.0427
0x1262,793.5114
0x568,697.28253
0x807,868.1592
0x5dc,908.0837
0x1d23,602.1465
0x3f1b,684.3044
0x498a,841.3368
0x1e24,810.4351
0xac5,780.3015
0x1d7b,806.2561
0x36d7,843.34705
0xdaa,466.25485
0x5074,722.21857
0x7b4,562.3204
0x2208,923.25696
0x4a39,933.02264
0x44ad,756.50836
0x10f6,884.7968
0x39b9,438.63025
0x47ab,928.7662
0x497a,972.89417
0x3cdf,905.16644
0xc50,598.7311
0x1287,826.4711
0x3d39,981.6127
0x3fc8,609.2886
0xd1f,673.3394
0x519d,709.8952
0x51d5,809.14856
0x3fbc,762.5115
0xf48,970.9976
0x1b60,1025.5686
0x213b,506.18805
0x1688,707.94714
0x307e,785.70703
0xec4,782.65137
0x744,931.995
0x1c47,1060.9276
0x4aa2,1021.2167
0x60d,537.80145
0x39ea,975.68665
0x1651,468.0284
0x5f4,530.3824
0x3d47,586.1715
0x4458,465.14102
0x240a,550.1076
0x1cf6,531.6986
0x4dfa,658.0156
0x3236,1060.4612
0xd34,467.32306
0xa60,731.8089
0x7c3,662.62396
0x2c6d,580.88513
0x2f4c,1071.1276
0x2626,729.38464
0x20c3,663.2541
0x1744,1056.32
0x1d5e,936.9648
0x485a,454.9219
0x1056,632.39935
0xe37,842.08325
0x20d6,627.5534
0x133a,770.92017
0x2e21,1084.0343
0x4e7,833.3242
0x4a7c,705.20593
0x3737,1024.4259
0x23f1,1042.189
0x44bb,1191.4489
0x2521,1013.53864
0xa7b,953.6919
0x3255,837.9952
0x3cde,759.0254
0x3c42,869.2942
0x1387,1030.1414
0x20c0,480.248
0x12b9,659.9063
0x1c63,637.72015
0x1e40,782.11743
0x2a6e,967.5197
0x2d76,836.4984
0x1525,610.1797
0x3ed5,837.7219
0x460c,655.78796
0x4427,900.07697
0x157e,640.2122
0x3f3e,569.2669
0xf78,743.64703
0x599,782.45917
0x23f3,640.24884
0x1772,693.06635
0x30a9,544.14655
0x4263,909.9487
0x152d,577.03613
0xc19,629.572
0x24f5,894.35645
0x2b26,571.158
0x12d3,611.4823
0x682,557.95953
0x2aa2,649.1592
0x197c,632.5694
0x9c1,972.82214
0x3a49,453.53638
0x24ca,584.4364
0x478c,927.2776
0x3b2f,744.13794
0x3042,858.59076
0x3f39,672.13574
0xbf9,694.09924
0x2c90,619.09686
0x4822,782.1141
0x2f85,725.45325
0x4e36,764.3445
0x4ef7,1118.6421
0x3d88,1083.8177
0x1346,803.66705
0x5067,583.2434
0x44f0,792.8922
0x20b3,664.9996
0x23cc,905.08826
0x4836,1169.2781
0x2131,673.6811
0x3a66,892.69006
0x793,706.8609
0x4604,1013.67645
0x4260,617.27136
0x2d14,613.5949
0x30c1,879.6267
0xb44,728.21106
0x3ccc,687.03015
0x4d34,805.4967
0x5104,1045.6007
0x3fce,827.2798
0x109e,981.74615
0x7ea,1066.6163
0x50af,846.79565
0x1787,535.9945
0x4555,1075.0854
0x2377,873.33295
0x2019,793.5878
0x467d,664.0195
0x4591,819.8636
0xc24,702.67633
0x1ef9,1057.6343
0x4898,704.4131
0x4d4c,867.7717
0x12b8,842.2491
0x2a24,839.73035
0x3fb7,603.0873
0x1db2,770.09424
0x4a09,698.318
0xc21,778.0414
0x2585,633.62573
0x297c,949.6702
0x44ff,874.8635
0x11f9,646.5652
0x16f2,860.3752
0x2b5a,726.4648
0x9e9,695.631
0xe71,779.9269
0x45c,1013.8529
0x3fc,561.78546
0x3c86,819.118
0x4bbd,552.5797
0x2ddc,898.654
0x9eb,501.40155
0x1256,857.1398
0x4938,762.05023
0x890,969.128
0x202f,938.16644
0x1330,672.98914
0x5087,618.20776
0x25d0,803.197
0x1a95,676.0228
0x4ca5,855.08606
0x2c3c,721.4834
0x4ae3,835.0219
0x18a8,820.15216
0x3542,673.04694
0x3773,733.6111
0x448c,764.1808
0x4a69,821.2095
0x2167,790.6692
0x47d3,963.5639
0x4565,531.0279
0xd5a,879.32477
0x3b21,729.1169
0x2c84,615.12024
0x221b,1099.6288
0x4f9e,947.26056
0xa75,904.7647
0x1b2e,745.77234
0xa99,583.55194
0x25d5,863.76685
0x50b3,944.62146
0x11e9,451.81924
0x3156,717.27924
0x1481,429.31238
0x517d,720.1978
0x2a33,686.07654
0x3dfe,616.43427
0xd8c,893.67444
0x2d22,686.17535
0x50c8,657.9152
0x1943,977.3536
0x46d3,752.8644
0x379c,758.14136
0xcaa,646.7203
0x20cc,810.422
0x2615,453.22263
0x1494,635.67725
0x39dc,583.85114
0x1814,507.2935
0x1e93,912.2131
0x3ddd,1040.664
0xcbb,658.5568
0x4b4f,819.88226
0x269f,815.69037
0x4d40,917.2435
0x3ac2,971.76184
0x4cb9,986.02014
0x4d50,948.05194
0x2922,837.69226
0x35fb,1094.6677
0x28d6,587.995
0x1786,439.1107
0x427e,922.1394
0xcc4,748.4731
0x461e,520.9849
0x2aff,1156.2607
0x3a68,1009.9855
0x4729,530.92365
0x3af7,691.2346
0x305a,561.52
0x4249,728.19434
0x24ad,871.0368
0x336e,654.6472
0x3b74,691.54553
0x4c8a,698.11957
0x45d0,987.85504
0x3d12,747.7415
0x3803,1069.8503
0x2238,736.2787
0x2ac0,943.7858
0x40cc,592.4462
0x2cad,772.58765
0xd1a,1012.08203
0x38d7,971.47455
0x3e18,794.4832
0xe6a,862.44574
0x249c,530.9279
0x53b,713.71027
0x4228,545.83105
0x202c,892.58923
0x770,691.52374
0x4fd4,1017.3203
0x299d,665.3548
0x4be0,727.4555
0x10e6,635.27325
0x1af5,1097.1918
0xc81,752.826
0x78e,576.9561
0x12cc,1020.0395
0x1b55,790.9875
0x1186,985.9848
0x3cbb,887.92267
0x95b,597.5916
0x1255,500.56372
0x10a1,770.7629
0x3a10,1054.0848
0x1551,653.469
0x4c5e,507.87292
0xb0e,672.44037
0x2844,722.2647
0x3d89,690.81055
0x198a,924.8079
0x2296,849.3052
0x3d3c,1009.1152
0x603,768.7042
0xc47,780.6673
0x2850,1104.2228
0x4521,643.82855
0x2435,624.0745
0x2d50,657.17096
0x2b3c,997.1987
0x4b8,370.5564
0x101b,1066.7572
0x3e0b,599.1403
0x2081,1128.3821
0x33df,775.9096
0x33cc,785.286
0x40fb,794.6757
0x50b1,876.92755
0x303e,884.8942
0x3e8e,753.1078
0x2b55,1061.3182
0x1ff9,605.6123
0x2771,642.1925
0x17e8,594.7682
0x110d,941.3615
0x3b32,1157.1543
0x29a0,519.93384
0x45e8,755.8439
0x2ce2,870.901
0x2ead,689.4166
0x18a1,970.1498
0x3be9,736.57965
0x3bd3,807.212
0x3a4b,776.79285
0xf11,777.55817
0x106e,631.64014
0xcda,623.64465
0x2ca2,681.84656
0x44e5,791.2006
0x23d2,676.1414
0x1221,437.93622
0x2abd,576.08905
0x29f0,583.9609
0x1103,500.75403
0x2a2a,447.78595
0x29b4,475.87872
0x4105,667.34
0xe95,1165.9586
0x12c1,466.4001
0x8f6,1026.3743
0x3dd6,931.5143
0xb55,656.14294
0x3abb,889.94116
0x3836,595.85223
0x4566,813.07764
0x3f05,692.83905
0x3099,918.7243
0x16e7,752.5859
0x501a,669.828
0x3704,1004.9001
0x2906,529.70776
0x2e51,977.0983
0x39a7,1038.2565
0x46bf,822.6251
0x2874,687.04785
0xd25,867.17316
0x2f11,719.58826
0x416,653.98517
0x4071,611.2345
0x21de,1020.56726
0x2083,839.0723
0x2b60,548.58563
0x214a,545.4988
0x3a8e,727.6418
0x1cff,762.0045
0x2883,775.2365
0x3dbf,762.389
0x242d,1171.2568
0x4a04,1011.36237
0x1f05,1183.0013
0xa47,955.426
0x3576,803.1771
0x862,907.51056
0x49db,812.052
0x409e,665.1851
0x26ba,1010.6566
0x2c1e,986.5586
0x226a,1076.2457
0x4496,606.7309
0x3e85,803.886
0x2fbd,801.2538
0x2041,1018.169
0x4210,643.0974
0x2ee4,709.8925
0x8fa,528.58417
0x41b8,709.0995
0x4e6d,725.62836
0x2e49,815.4581
0x49bd,665.3821
0x2ff7,1158.4296
0x1666,717.8007
0x291e,487.0115
0x3e99,483.71997
0x486c,652.5728
0x50f7,745.9936
0x43ec,833.113
0x607,919.99
0x2ab7,952.82733
0x28fc,787.7546
0x27ae,676.9805
0x1830,976.98505
0x65b,1276.5598
0x3a5c,919.2269
0x8dc,1064.1129
0x4d89,816.55664
0x471e,781.87695
0x44a9,591.93604
0x4001,922.8969
0x1654,1070.8568
0x4508,724.29816
0x22d0,574.9981
0x3c23,765.77924
0x20dd,820.1959
0x2dcd,763.9458
0x33ad,778.48157
0x3769,749.5296
0x3436,798.7962
0x196a,841.34406
0x12a5,1048.9895
0x12a7,767.55707
0x567,604.67303
0x288a,1029.611
0x467a,1114.6985
0x41e7,786.63525
0x2bde,1034.891
0x86c,704.62946
0x2b3b,1210.6771
0x2c12,683.3829
0x26be,1059.2085
0x28fd,633.68195
0x1504,917.478
0x1357,1085.7151
0x31ca,724.3513
0x46d1,610.8985
0x4d67,797.143
0x4d4,939.6936
0x3254,665.3415
0x3628,774.4237
0x4848,659.1638
0x2d7d,611.03656
0x1f24,661.2104
0x4cbe,851.4088
0x368c,577.9559
0x434c,979.2621
0x3722,697.2779
0x1edc,561.7739
0xf02,1000.8502
0x528,657.25714
0x2c78,582.832
0x1f89,722.14624
0xcbc,1016.68256
0x4bce,904.942
0x3d06,461.73987
0x2840,596.9665
0x3fe2,873.3622
0x200e,1154.4191
0x4a20,611.98254
0x3bf1,1019.8357
0x2edd,418.9882
0x247c,630.53577
0x3cb0,444.66177
0x4710,519.7168
0x3575,633.5305
0x900,798.17645
0x50b5,572.48395
0x4152,1153.6377
0x3d8c,1202.8096
0x28ae,874.5994
0x23d7,795.2106
0x41d7,476.04324
0x4c0f,605.9826
0x24f9,771.0404
0x1aef,727.6963
0x2332,717.15137
0x17be,887.3999
0x69d,719.05005
0x37f7,997.79517
0x4cab,845.2578
0x1bd2,546.5361
0x35a3,834.46265
0x2520,615.4101
0xb3b,778.8732
0x2d64,727.8351
0x317c,688.51086
0x4b41,898.906
0x18ca,916.90717
0x262a,949.7355
0x3911,794.3234
0x4d64,566.0099
0x9ca,793.2855
0x4e77,1045.829
0x429f,719.073
0x2630,979.3867
0x3ebe,954.1267
0x2989,1230.494
0x3879,810.6113
0x3b8e,1001.6604
0x257c,881.4692
0x11a7,796.0487
0x3ae0,596.5735
0x2611,700.062
0x14d8,643.7619
0x56b,744.9705
0x2956,752.6433
0xff2,1140.5459
0x353f,875.1485
0x104d,743.35736
0x4b03,603.3712
0x2946,653.60016
0x432c,647.02563
0x61b,884.75586
0x1187,785.3815
0x1ffa,716.7117
0x35f0,696.54443
0x2720,518.90283
0x2761,599.18353
0x1601,827.7465
0x3b55,560.6449
0x36e5,891.7082
0x41d2,1041.0303
0x285d,644.1283
0x50f9,774.40784
0x351f,745.8097
0x2d40,514.0799
0x8de,1037.1501
0x22c7,650.4587
0x1f62,436.83084
0x46a4,975.88257
0x5101,999.82513
0x2af7,868.34955
0x129b,427.12125
0x51b0,928.33936
0x41c1,847.9298
0x3fde,827.04004
0x4f43,887.63513
0x1fe3,669.96826
0x128b,453.17142
0x109c,903.1509
0x4902,495.53262
0x31e0,508.02576
0xcee,947.49554
0x2af3,801.40466
0x2324,764.3718
0x49a,531.8112
0x729,548.0547
0x18f3,971.533
0x3500,761.6445
0x25a9,810.87036
0x280d,852.2143
0x1521,732.305
0x297f,616.79034
0x49be,977.4995
0x72c,1006.2705
0x3041,665.3307
0x27b2,661.88794
0x4d35,915.1256
0x150c,858.7775
0x280a,1094.8463
0xd06,534.20074
0x3fc6,866.6131
0x4ac6,829.2371
0x46b8,1081.1532
0x1b96,692.69836
0x1cd1,695.5398
0x270f,1093.8292
0x1054,520.12756
0x4cca,906.95074
0x1e41,866.6978
0xc02,519.8223
0x234f,487.05026
0xed0,582.23615
0x2fe5,1059.6732
0xea0,844.5813
0xf24,869.4629
0x504c,927.171
0x287c,424.12988
0x1363,888.0048
0x266d,624.8499
0x46ce,1088.0378
0x5173,838.95953
0x21ac,426.3864
0x1f5d,633.2699
0xe09,889.0161
0x3753,1182.0259
0x1d62,653.33594
0xd31,859.1821
0x22cb,1173.7352
0x3e9,886.6344
0x3545,683.11444
0x2772,786.66113
0x318d,702.8579
0x4c42,1090.6543
0x5076,623.37115
0x4d6f,689.0764
0x2b6e,1100.9054
0xf54,865.61365
0x1dcb,736.92395
0x12b1,710.5153
0x13b5,546.113
0x1226,667.97577
0x2018,951.16223
0x15b8,522.2263
0x52d,805.3036
0x4d99,574.7086
0x1dad,467.22726
0x2279,544.2403
0x499d,969.2412
0x27e6,816.53326
0x1242,696.0348
0x28f1,562.0443
0x33b0,619.70593
0x4da8,1087.4036
0x48aa,716.0238
0x44d5,886.5794
0x3ef5,735.0793
0x44da,645.17
0x1702,1157.7178
0x408a,718.7967
0x9a2,448.30124
0x292a,922.0963
0x447c,911.95306
0x29a5,773.2038
0xf9a,756.87897
0x1d9d,936.3479
0x125a,676.2233
0x3bd7,809.67377
0x1e4c,629.66565
0x4ac5,965.59924
0x3b2e,737.6573
0x359f,1110.3898
0x2c41,467.564
0x3833,1089.8262
0x1d32,841.0107
0x18c5,944.8007
0x12eb,945.5638
0x74e,652.3553
0xd40,614.49023
0x272a,613.491
0x42c2,1021.8188
0x34ab,1011.8765
0x2f77,683.729
0x46fe,684.2098
0x3ae9,981.207
0x1a1c,736.04456
0x2fd5,647.95154
0x4f8c,653.449
0x2b4b,658.3581
0x4ae9,595.6108
0x1c08,555.2696
0x4080,744.462
0x454a,723.4732
0x2318,697.68396
0x643,1079.7936
0x451b,1051.0228
0x3237,524.9614
0x4cbc,802.8313
0xdbe,1000.39307
0x3df1,881.91266
0x174b,559.7973
0x3131,513.3044
0x22db,743.72504
0x48a9,502.8688
0x9b4,648.05316
0x16b2,765.7588
0x347b,754.48016
0x3315,1025.2537
0x2a4f,869.71344
0x40fc,652.8355
0x23fb,878.76263
0x224b,922.8361
0x4562,772.2086
0x1507,542.0572
0x314d,1106.275
0x1695,813.12537
0x1384,874.9627
0x4c2f,658.1751
0x45df,919.772
0x2401,944.3008
0x49ad,751.947
0x4f6f,1107.4731
0x4678,645.9901
0x1f22,806.02545
0x42a8,644.4124
0xd9d,700.22595
0x4531,1210.7153
0x470e,714.12933
0x3503,1102.7716
0x939,864.6933
0x4662,1073.9219
0x4658,624.36145
0x40b9,783.6947
0x43d2,474.3375
0x4717,784.4642
0x13f6,565.5238
0x4aa5,888.2814
0x25e8,634.71497
0x188b,499.2822
0x385f,590.7675
0x1732,744.0663
0x2804,904.8454
0x96c,1111.9205
0x3522,627.6817
0x200a,980.4185
0x12ff,854.6996
0xed3,734.4984
0x3ce8,570.8296
0x1855,593.5923
0x41fa,527.5244
0x3d69,479.11368
0x2fa0,802.95087
0x4af2,1045.6594
0x471a,718.69867
0x1916,962.9158
0x115a,1030.389
0x1ebd,849.4036
0x8d1,599.17126
0x13c8,757.37573
0x169b,608.9542
0xae8,519.37714
0x179f,858.8983
0x3016,871.05804
0x20c7,894.3914
0x2cf1,971.33795
0x2f3c,945.8159
0x3350,629.2746
0x33ff,941.68066
0x2a9b,1179.4163
0x34a5,695.90405
0x3109,998.1226
0x1dca,481.29724
0x1606,616.4959
0x3e32,687.63745
0x1f2e,956.69745
0x4f24,785.6561
0x4920,763.7539
0x44ae,478.2876
0x302f,748.64154
0x1a1f,1022.0381
0x38ce,777.1389
0xc72,762.0627
0x242e,636.1527
0x1d7f,726.16797
0x24c0,947.2281
0x1618,717.0477
0x3064,842.24316
0x2752,1269.1116
0x3358,645.3827
0x433b,594.8161
0x497d,1030.6647
0x1333,745.15497
0x3170,1050.6434
0x4936,685.17
0x42a3,621.2509
0x1897,835.41144
0x944,761.47125
0x21e4,579.2349
0x7cf,557.0889
0xcab,479.406
0x33e1,945.6324
0x506c,935.67487
0x3ab4,598.19714
0x51f2,953.40265
0x6be,670.2523
0x2e04,696.97833
0x3a70,945.7126
0x968,834.1154
0xafe,582.6061
0x2ca0,856.7451
0x26f0,843.3153
0x6e4,671.1328
0x3190,671.7436
0x1599,557.6481
0x39dd,772.09265
0x4cc8,836.7179
0x2fc0,885.725
0xbfd,788.90063
0x51a3,976.79095
0x4199,825.0312
0x30c3,770.1776
0x3e66,802.7035
0x37a0,578.90466
0x10f7,597.69965
0x2b80,719.3878
0x3432,758.40674
0x799,935.6468
0x4924,784.77545
0x242b,549.1934
0xa44,850.4635
0x2ae7,905.6897
0x1e0a,653.8966
0x1c8e,539.08826
0xdc4,879.2891
0x3a81,1023.8414
0x11f8,829.1194
0x2e0f,654.1988
0x2cd6,706.1538
0x43a3,728.95764
0x16f7,518.25195
0xbf3,834.2971
0x21f8,608.65814
0x1fc7,929.1121
0x43d9,602.4834
0x13c5,685.43823
0x473c,889.659
0x4e5e,549.5793
0x8ca,738.47485
0x225c,839.42773
0xd20,1005.762
0x3fac,1025.7285
0x1aae,617.6076
0xbb3,571.40204
0x2a77,934.5976
0x4d22,772.5077
0xf3a,466.32382
0xfd1,659.20496
0x2e6f,604.8109
0x16f0,751.7638
0x4f87,1142.0887
0x3c89,779.5265
0x15de,1241.7667
0x3ba0,349.8932
0x484e,983.718
0xce3,639.64307
0x110f,920.98505
0x3723,489.8473
0x2581,1034.015
0x1f21,776.47925
0x4f52,959.6302
0x3fc5,818.42535
0x4b46,359.338
0x33d4,575.36896
0x43ae,854.46405
0x1b35,738.3833
0x437d,656.15985
0x4e9b,635.27325
0x19b7,674.0477
0x1b92,563.51056
0x2c51,1047.9031
0x1d33,755.86835
0xce8,531.60297
0xc3c,883.6562
0x2207,658.4925
0x1377,770.6501
0x51e,985.1986
0x3f56,804.57117
0xf75,786.30707
0x4772,1231.3146
0x9cf,646.3016
0x10a2,865.8229
0x8e4,1019.19775
0xd19,726.68726
0x4028,1048.4194
0x1e56,484.13623
0x4602,824.59424
0x4c6,590.8587
0x2146,856.69116
0xc8e,573.1731
0xe29,660.3168
0x283a,795.7257
0x2162,837.92883
0x1961,363.022
0xa5e,911.8922
0x17d3,1003.2488
0x274f,686.03265
0x3d23,921.9864
0x48db,780.61255
0x12e8,806.80524
0x1e2b,502.27164
0x260c,897.7293
0x2314,776.01245
0x3135,714.5868
0x2a84,1022.91174
0x100b,803.1116
0x4a0,876.04193
0x3680,794.94666
0x51c8,950.17755
0x2816,499.0587
0x6f8,487.03705
0x2da2,979.4984
0x6b8,509.42084
0x4a53,729.267
0xada,634.43475
0x33d9,849.9283
0x3e6c,675.20447
0x4f8e,782.32776
0x3f61,742.56665
0x6e6,497.6329
0x49d8,830.0042
0x2e16,1228.6019
0x1037,760.4756
0x102b,692.01196
0x2ac1,493.93387
0x11b2,803.3564
0x36ae,773.8076
0x338b,875.9968
0x2992,1109.242
0x429c,952.542
0x4622,772.6436
0x1aa2,873.74915
0x3f16,943.9997
0x2bdc,490.12537
0x42bb,705.9667
0x30e4,759.2639
0x3391,822.0988
0x31f3,890.7113
0xff7,776.0007
0x5111,933.8069
0x406c,611.86346
0x2054,892.3424
0x965,707.06116
0x4776,932.5974
0x2899,418.57983
0x36cd,620.7236
0x432,1027.1935
0x2800,568.92847
0x3337,692.72577
0x133e,751.0078
0x36d1,866.3962
0x24db,600.2158
0x471f,646.7496
0x4cc2,546.1224
0x4982,807.54193
0xbed,1003.10095
0x10f9,869.3551
0x201c,708.60535
0x38c3,635.4202
0x1a21,885.28754
0x1930,1040.8853
0x340a,988.4723
0x457c,1045.2113
0x4f28,1197.9299
0xee4,862.5577
0x4e14,682.43005
0x4b27,973.7035
0x167d,625.2764
0x22e5,625.0075
0xbec,1036.1364
0x50f5,476.17154
0x30eb,601.92865
0x4ab7,648.3824
0x3c97,989.47156
0x3ef1,589.6935
0x281a,468.6895
0x22a8,1056.4282
0x16d8,830.5996
0x685,894.7766
0x7df,941.921
0x1abe,736.5793
0xf94,615.78436
0x40d8,703.0668
0x21d7,860.7404
0x1276,797.63995
0x492a,571.91364
0x37d8,950.41376
0x4457,933.9342
0x3fc9,555.1899
0x134e,551.68665
0x3b79,636.00616
0x4112,776.1456
0x1109,828.72644
0x22ee,1021.7803
0x91e,661.78186
0x474,539.97687
0x51ed,606.42285
0x46d9,466.89764
0x43d6,729.0831
0xbcd,788.6566
0x3076,776.7447
0x1566,748.18695
0x3122,739.07935
0x3dc7,952.94495
0x364f,854.14954
0x3f7e,1184.0696
0x4429,894.30273
0x4a85,760.9257
0x3039,781.7763
0x1ea8,677.7134
0x4bd0,919.3677
0x25dd,782.32935
0x2621,615.4914
0x4efc,615.39453
0x3f27,870.1062
0x3199,736.3114
0x31bd,683.3043
0x4dfb,862.6012
0x4df8,660.13727
0x1cb2,390.23816
0x1105,956.0672
0x4316,557.57336
0x2d26,773.6069
0x3c94,597.2117
0x4b65,589.33673
0x37e2,762.3847
0x2b0d,987.44904
0x375f,732.97925
0x36dc,1151.0524
0x2c5b,483.99313
0xdf9,742.47565
0x18b0,927.48596
0x3119,558.96265
0x38f0,464.80002
0x4adc,632.5477
0x3133,609.2848
0x2e6b,636.6255
0x4e7c,1002.4986
0x9c8,592.29346
0x4853,1107.8813
0x4ee9,1108.5557
0x265d,851.80237
0x1946,1194.5793
0x1e96,1038.3457
0x3e12,705.831
0x1e6b,729.97125
0x22d3,648.21454
0x4419,807.83154
0x3368,550.1163
0x25fd,881.6714
0xc7b,762.7373
0xd92,653.6435
0x1f2b,938.0457
0x38b5,868.02216
0x48ca,829.26917
0x47f5,822.21484
0x4f6c,968.68805
0x2d74,547.9823
0x342a,812.98816
0x86e,812.60095
0x16ed,759.0145
0x9fc,623.6548
0x4e93,744.9407
0x3c49,806.7799
0x739,521.677
0x4a8a,477.3783
0x495c,766.2993
0x2379,1293.3894
0xba5,1209.4521
0x41a6,737.77124
0x7a2,804.42584
0x84a,813.1815
0xeaa,1022.68506
0x31d4,609.5743
0xf70,552.4551
0x1653,620.3371
0xd6d,487.15482
0xb69,635.7739
0x2914,467.7948
0x2e9f,875.2057
0x26e7,711.1739
0x19a0,930.7591
0x17d4,604.39484
0x4a6c,512.2305
0x268a,530.19934
0x2b99,951.5188
0x53c,357.18723
0x47b7,889.29083
0x3eda,755.0675
0xd47,837.42474
0x2d07,787.26825
0x10a5,638.2498
0x4a31,975.84674
0x1a92,810.9832
0x42e3,734.69775
0x28a1,718.9153
0x16a3,526.15857
0x406b,1046.5594
0x4ce2,639.4448
0xcec,670.337
0x2b31,676.4507
0x272f,856.8288
0x2b3f,827.7363
0x12ba,741.80115
0x774,558.73804
0x1e43,774.802
0x3024,510.9625
0x129e,692.56757
0x4525,968.89136
0x2589,898.49884
0xe8d,937.6508
0x1ed9,941.9444
0x3f85,924.1863
0x179d,633.12286
0x3777,907.85205
0x3a9b,588.3703
0x3fb2,751.6104
0x1a18,1009.54004
0x1471,952.0975
0x2887,883.68866
0xa3c,762.31445
0x240d,399.65533
0x4172,822.69415
0x287a,702.605
0xda9,498.60324
0x399b,916.391
0x26b8,800.44385
0x1163,788.8315
0x4c9c,799.7819
0x4fa1,438.04065
0x1082,721.74835
0x1620,698.12787
0x296a,876.0461
0xed4,628.0635
0x2079,935.1731
0x25eb,645.66394
0x4ef4,575.97144
0x233a,949.0035
0x3175,1006.9349
0xd70,801.6688
0x987,840.6803
0x1575,952.2428
0x1d60,723.8849
0x40fa,625.9706
0x435,512.0244
0x40fe,888.7736
0x504d,901.2756
0x4e10,719.96295
0x3c16,946.8163
0x2311,815.0049
0x393c,710.88226
0x46c2,755.8705
0x409a,761.7582
0x4c9,874.23505
0x1a71,510.50464
0x2bff,963.8912
0x2a3a,803.7736
0x1e85,773.8087
0x485c,754.5104
0x13de,1013.65234
0x5f7,497.0533
0x1e66,791.695
0x2517,1141.3385
0xb27,696.2821
0x3735,755.19574
0x6cf,818.9606
0x4764,960.0976
0x4092,888.9059
0x3e62,976.08453
0x42ee,1114.3866
0x219c,1060.3657
0x1781,564.3606
0x4e94,684.2411
0xaf1,1114.6677
0x3c9c,967.97986
0x46be,673.7222
0x24f4,757.4956
0x4763,552.28864
0x3f0a,514.2373
0x2406,968.2771
0x2399,538.2463
0x3019,715.12604
0x3306,1079.4836
0x306d,741.0371
0x2c47,867.8136
0x2d48,524.4908
0x47f3,1015.3788
0x1bda,803.3698
0x2e6c,435.62747
0xa84,1214.988
0xb5a,638.2227
0x4792,701.06146
0x349b,604.23206
0x3f64,1025.0948
0x298e,792.19037
0x2a60,404.69812
0x3900,654.5698
0x4881,608.59375
0x388c,929.17194
0xf57,728.6268
0x3aeb,603.1612
0x1153,1129.7684
0x3229,887.9238
0x3517,582.3128
0x27f4,598.967
0x2f17,977.6534
0xf9e,783.152
0x15d5,915.5848
0x15bc,623.6411
0x1528,716.1234
0xba7,482.07593
0x4f2,979.36206
0x2bb1,817.4772
0xe2f,753.2156
0x1bc6,670.6846
0x5097,1089.769
0xe82,827.4672
0x910,602.43744
0x3b87,1079.1101
0x1c5c,1020.577
0x1db8,657.2596
0x1077,1137.718
0x2506,748.6802
0x41ad,884.92206
0x2ca5,901.96826
0x286d,675.6499
0x2f87,970.2687
0x3869,885.86273
0x3ff8,989.0678
0x32e7,870.04266
0x4021,899.7358
0x1664,1129.4297
0x17dc,1073.4197
0x803,602.15857
0x1a2c,426.17157
0x1462,1100.9426
0x16de,507.0913
0x2aaa,827.40643
0x2bfe,977.4068
0x7d1,975.50806
0x484c,624.49005
0x6ff,693.8547
0x27b8,669.8871
0x14b6,1086.3583
0x1145,627.2013
0x4e22,632.1515
0x2c8d,862.41943
0x38c6,876.2934
0x333a,864.502
0x3022,640.498
0x4f88,511.82135
0x776,623.64764
0x42b6,638.40845
0x41e9,648.99146
0x33c7,787.8008
0x8d8,737.56024
0x5068,754.8054
0x1e5f,847.44714
0xe73,1190.7565
0x2a06,1029.7656
0x296e,523.9933
0xdae,684.14746
0x4b3b,522.294
0x4d6d,476.41476
0x557,585.40753
0x1540,921.9776
0x98f,1000.2991
0x2646,1111.7377
0x2638,582.95984
0x343b,909.68506
0x118a,821.19226
0x3431,814.3768
0x1c83,1136.4749
0x10bd,761.9409
0x285e,641.99316
0x3fe3,871.9398
0x4ed6,566.487
0x3f41,499.7066
0x2443,902.2452
0x449f,713.05743
0x1b76,828.27966
0x11a0,734.1454
0x2422,1117.7142
0x21b5,605.7391
0x345e,881.02325
0x4d47,859.68823
0x13d8,780.17206
0x43f2,812.6664
0x3361,851.4142
0x22c2,915.57996
0x31e4,1007.6875
0x5180,924.2656
0xee0,765.31494
0x49de,1045.3325
0x48a0,1066.3972
0x2865,928.4434
0x2980,1415.6741
0x970,935.2212
0x401a,823.57416
0x464e,684.46655
0x32ba,651.9616
0x1dfc,787.8421
0x3026,792.30945
0x2612,1020.7586
0x2b06,707.03687
0x36c5,909.45905
0x1af8,639.68054
0x2aa8,535.67847
0x1b69,543.6448
0x147c,835.6046
0x3185,532.298
0x2cf2,971.9079
0x3738,857.2506
0x23b1,611.85443
0x2342,952.7246
0x43ff,1171.511
0x25ed,776.674
0x1401,578.9177
0x3c17,1122.9211
0x32f8,874.1684
0x213e,484.85822
0x969,948.5566
0x41eb,830.6832
0x3730,468.64636
0x7ae,1012.5639
0x17ba,593.9052
0xc78,889.62714
0x35ca,422.2631
0x2ce5,765.4262
0xbf6,692.804
0x12f0,599.3121
0x25f7,671.1986
0x14ba,711.3065
0x2e50,792.30945
0x16ff,618.6103
0x47fe,586.8007
0x2b5b,857.35077
0x27a1,534.3485
0x1e05,746.8706
0xb73,837.30457
0x4603,1086.4132
0x2087,552.7038
0x48f7,611.1036
0x2949,1081.3766
0x4f16,664.21014
0x19e3,981.0114
0x1edb,633.0124
0x3f78,840.1994
0x467c,908.52893
0x4c37,960.2761
0x37b4,968.0149
0x48e4,644.8867
0x4acd,491.05264
0x4fec,603.4978
0x2bfc,841.47
0x4b98,888.79614
0x34e9,629.71344
0x78b,805.68994
0xc05,767.88654
0x408c,811.793
0x40ac,1054.7737
0x51ea,785.43396
0x38ee,707.7941
0x48ac,564.528
0x32ed,602.33374
0x2ce4,694.0119
0x2b4f,977.8171
0xf9d,823.0362
0x391f,469.56055
0x2937,523.31714
0x1b70,482.7179
0x380f,651.7894
0x2060,837.26624
0x1536,688.7319
0x184e,720.3936
0x4ac4,621.3218
0x26ae,806.6164
0x46e,810.4351
0x3b0c,1022.0877
0x64b,674.5841
0x424b,789.51825
0x1c94,723.3114
0x126c,667.19653
0x10dd,553.57153
0x3a2a,699.4391
0x2a8f,526.1673
0x16fc,673.2267
0x4336,620.50336
0x1b9d,545.1997
0x4bf6,509.19693
0x4043,803.705
0x21a3,711.03754
0x228b,918.5311
0x2482,895.42535
0x3d6e,1036.0538
0x16c3,735.57684
0x27cb,485.8536
0x48c3,932.72906
0x190b,655.84015
0x7ef,494.58765
0x47be,718.3763
0x1c9d,836.7945
0x47a3,895.3639
0xf46,863.7755
0xa13,931.30963
0x1d95,836.4722
0x2e8d,831.27325
0x4d30,744.54614
0x1eee,690.1698
0x2661,454.91605
0x50e2,572.5639
0x92d,1027.2979
0x9bc,636.99744
0x4307,599.1438
0x40c,852.7216
0x1e31,828.6091
0x703,698.54315
0x38ad,746.2746
0x3bc0,529.4028
0x3a69,526.94415
0xb14,850.8273
0x13ea,698.1073
0xf15,706.41077
0x1baf,1024.2799
0x593,803.789
0xbcc,1080.6647
0x4b6b,935.62317
0x2ed7,940.0288
0x1a7c,670.62726
0x241b,684.527
0x129d,913.1858
0x189a,609.8324
0x2f7c,628.29865
0xfa6,743.8311
0x20aa,630.4516
0x25d7,956.0317
0x2a8a,919.16644
0x3126,856.84766
0x41a7,944.9369
0x1bc9,584.86487
0x5152,665.99634
0x30bd,507.00183
0x76e,795.964
0xec3,877.00195
0x3bfe,835.47833
0x4de7,1004.5317
0x4db8,1080.8326
0x49ca,946.38605
0x1bb4,728.2038
0x3694,607.8652
0x441c,497.39642
0x4479,853.9949
0x1866,803.7093
0x4df4,942.15906
0x426c,744.2583
0x1f5a,911.7764
0x2efc,771.0007
0x422c,869.8639
0x1f9e,857.1978
0x13b7,1023.3879
0x45f1,483.7061
0x1d01,602.1919
0x1215,617.17334
0xff3,515.8875
0x2e9e,767.10596
0x3045,466.50082
0x2b36,601.6798
0x18b7,805.0678
0x4446,1001.22253
0x2aee,627.151
0x356e,613.50977
0x6ca,522.4527
0x3675,668.2712
0xa86,1090.207
0x472d,648.6304
0x1ae6,438.41196
0xf8f,751.43835
0x3aab,825.0281
0x4c81,709.77374
0x1ad0,965.37634
0x1f27,552.5322
0x189e,554.6853
0x40ea,924.30133
0x112d,767.0898
0x1b12,698.3613
0x5002,792.2992
0x5056,620.16437
0x42f0,596.2308
0x4d9f,656.76526
0x5c2,867.0587
0x14f6,1302.3071
0x46ab,906.652
0xd9f,611.2082
0x3df0,882.5172
0xe9b,945.61475
0x2456,932.4245
0x2fa9,794.94293
0x1113,1029.9224
0x401d,819.97064
0x3aa5,1212.8983
0xb60,1029.668
0x2bad,915.1238
0x37a3,856.3641
0x2ef3,785.8652
0x23f2,753.80334
0x238c,638.1204
0x2c14,614.63617
0x3740,580.15875
0x38d9,1022.9683
0x2b0a,826.8539
0x490e,716.43225
0x4908,547.1804
0x453d,834.44
0x24d0,755.45715
0x17dd,967.94745
0x4968,885.16345
0x103a,977.9914
0xf53,770.8397
0xd30,819.2417
0x8e6,634.6541
0x3be6,793.807
0xaac,443.697
0x4928,741.97064
0xa53,859.0138
0x2579,912.42847
0x1d3b,748.29004
0x2df3,966.898
0xfe5,875.04834
0x1705,591.00696
0x880,1026.7557
0xf8d,905.0387
0x252c,749.6003
0xd35,737.197
0x20b4,560.4434
0x2f27,1161.0491
0xdf4,711.78625
0x1bed,898.7838
0x330e,884.25183
0x1bdd,580.3784
0x4afc,965.42096
0x4128,748.69336
0x4f72,947.6329
0x3fb,756.1723
0x1efb,922.3931
0x148b,672.71326
0x1df7,662.19727
0x1a4d,988.82117
0x1492,970.29834
0x3717,615.9679
0x3716,979.82635
0x728,1034.4736
0x4f97,689.76416
0x109b,749.58563
0x286a,814.0021
0x17c0,880.5718
0x44dd,814.926
0x2880,786.318
0xce2,766.06006
0x44fa,622.3043
0x4fe8,1033.1091
0x3bd8,615.4447
0x2249,994.4697
0x2c1a,587.4135
0x42d,924.6249
0x2442,459.5107
0x1ce0,761.2731
0x174c,447.85342
0x472c,670.08325
0x457b,1076.4751
0xca8,720.73413
0x3458,618.211
0x3094,573.8863
0x41c3,972.1772
0x47d1,778.3457
0x51d,794.0137
0x201f,882.46924
0x1d1f,750.64404
0x4d90,849.5316
0x1bb3,594.4217
0x2230,511.07263
0x38cf,1004.1041
0x4243,1056.0319
0x4eba,955.19324
0x3c53,637.92664
0x3844,610.7969
0x1a4e,474.49722
0x1f99,635.7612
0x4a5f,794.9513
0xf1e,916.3193
0xa7d,610.985
0x36c9,1009.2023
0x28c9,585.3113
0x1d82,838.2213
0x3aa3,673.64606
0x31b2,770.89374
0x2689,659.9853
0x264d,968.4484
0x3bc4,622.84106
0x267f,919.2199
0x27c7,897.4279
0x1316,1064.5554
0x1302,753.7174
0x311d,912.888
0x424a,933.6805
0x2b68,738.8183
0x42c0,877.2349
0x9bd,832.56177
0x3fe1,552.73334
0x140a,934.69025
0x509d,684.1148
0x2c8a,675.36066
0x49fb,733.5415
0x4360,774.4459
0x4578,862.7501
0x45d6,583.962
0x4350,557.11224
0x9da,937.46344
0x399e,676.4681
0x2554,1049.5289
0xec9,1111.4376
0x3a38,1050.8163
0x23ae,763.93524
0x2d58,842.3411
0x4b7e,505.06522
0xbd5,619.3366
0x4e1d,712.6394
0x4248,684.23
0x342c,1134.8015
0x47c1,768.57587
0x377d,782.55023
0x2e30,689.2937
0x836,758.81006
0x2932,751.3904
0x7ab,934.7598
0x349a,1141.1395
0x2ccc,726.0915
0x2fd0,1333.7665
0x35a7,830.87976
0x2919,911.25055
0x2bf1,772.997
0x115b,659.794
0x1dae,857.98145
0x20f4,801.4693
0x77e,548.0029
0x4d74,785.38336
0x48f0,537.27936
0x3870,662.0817
0x1def,669.7073
0x333d,1145.513
0x50c0,824.0762
0x2e6d,952.29675
0x1b34,711.2464
0x443a,873.85626
0x33ed,835.4827
0x1657,948.9383
0x16da,731.2463
0x9ff,904.37476
0x4408,768.2425
0x452e,913.62616
0x5e8,897.3308
0x4c4f,1079.4023
0x3955,721.61487
0x33b9,828.1011
0x20c5,769.7477
0x18b9,1025.3124
0x2ce6,654.1124
0x35dc,993.51715
0x4a8f,908.2248
0x3999,757.8236
0x468d,944.0383
0x58a,690.3117
0x2c62,707.3003
0x858,734.77405
0x89f,663.3622
0x12b6,1049.0557
0xe3a,842.9068
0x1202,679.8376
0x4727,702.2731
0x25dc,436.5703
0x430b,1097.0577
0x247f,678.9367
0x7b6,752.67163
0x167f,897.158
0x1c0b,404.15027
0x23c2,910.87036
0x4287,921.42426
0x1687,997.5622
0x4eae,423.037
0xcfe,534.4899
0x37ee,679.13837
0x411f,1048.6414
0x928,671.538
0xab7,1117.41
0x4a8e,778.8565
0x3882,985.90027
0xdaf,625.15656
0x2d03,764.82495
0x508,587.21356
0x11e5,939.669
0x3325,1092.5756
0x58f,487.30975
0x271d,791.69836
0x3e77,985.77655
0x4aa1,1106.818
0x3871,850.15485
0x1698,602.1451
0x3461,904.9179
0x4333,642.6073
0x3067,805.93896
0x121e,453.6607
0x4fff,971.2139
0x2150,805.5394
0x1e34,727.3882
0x12f5,498.75394
0x4885,653.74164
0x3840,751.6405
0x2907,786.5576
0x500e,640.7304
0x27de,748.9151
0x3410,688.4649
0x20fa,844.2334
0x501d,705.5358
0x2c0e,580.0799
0x4b0e,765.0825
0x24f3,1118.9435
0x28f9,813.47595
0x35d3,734.0762
0x1087,757.85834
0x36e0,936.3479
0x1048,1001.1213
0xc92,525.8024
0x3825,418.14053
0x21cb,928.92035
0x2729,485.51016
0x80c,601.8884
0x3e70,721.3083
0x1002,728.02814
0x453e,1043.7625
0x38a8,593.7775
0x193f,718.796
0x45b7,658.3041
0x601,574.0601
0x451e,632.90674
0x344e,569.42786
0x353e,594.69867
0x329d,1021.02295
0x1b00,705.5251
0x443e,833.61957
0xfbb,635.0789
0x3c8b,1117.0702
0x19cf,858.12415
0x10fe,1051.7462
0x1d98,633.0873
0x10f8,485.65027
0x77f,1143.1807
0x2e95,695.70197
0x1b78,608.76526
0x2593,722.735
0x3800,721.7604
0x1de2,604.874
0x30d6,783.6226
0x1745,784.96564
0x4e2a,573.9843
0x386e,755.7241
0x4113,775.41986
0x3469,816.4192
0x7db,810.30914
0x1e47,969.37244
0x2115,749.1069
0x22a4,687.4411
0x37b0,440.98114
0x746,680.8942
0xd52,926.146
0xd7c,547.7582
0x466,681.61475
0x15e1,1008.0542
0x1a4f,750.9047
0x3060,944.0127
0x4ef2,598.7927
0x4194,532.8987
0x4f91,788.5502
0x4053,628.9659
0x4258,603.22424
0x4cdf,758.537
0xef1,856.055
0x4dd3,619.5723
0x4640,869.8129
0x46ca,619.3859
0xaa9,686.80945
0x30cc,742.6403
0x975,1185.5735
0x3984,574.18054
0x31e6,835.8872
0x2013,851.1677
0x3aad,679.49664
0x328e,850.1553
0x21da,873.7374
0x3ec9,936.682
0x252d,772.0599
0x3ddb,1134.8021
0xde2,604.25714
0x4fdd,1056.2383
0x427c,643.7423
0x1e42,1021.1344
0x41de,787.7324
0x282d,738.9222
0x346a,519.50494
0x17fb,640.33795
0x2b25,604.6255
0x2edc,611.14703
0x12f3,508.7404
0x13b1,723.0808
0x4f60,643.91974
0x31b7,728.82275
0x3489,777.4669
0x15ba,520.14813
0x2346,912.0004
0x1f57,862.8802
0x2da4,644.0574
0x3cf1,846.56104
0x3479,603.5154
0x49af,495.05838
0x310f,705.9949
0x3935,731.09326
0x4a1a,808.69135
0x3a0c,847.1558
0x3c06,956.70886
0x1aab,916.85175
0x4c43,559.98816
0x3aef,497.3286
0x4bae,672.4808
0x18b5,592.1929
0x39ce,1008.3412
0x3c7d,1034.2186
0x50ba,1036.992
0x2c06,565.0429
0x4ec9,750.5893
0x11d0,1024.3112
0x2a21,628.723
0x13f0,840.9089
0x9a8,628.6184
0x24e3,619.9187
0x1c1d,793.631
0x370b,879.394
0x4b61,677.0567
0x291c,921.70337
0x1768,1017.45514
0x4cc6,770.97205
0xdcb,980.714
0x40dc,842.818
0x2d01,725.00104
0x8da,791.9956
0x2a2f,515.42896
0x14f9,613.31085
0x2c70,682.5359
0x2016,860.6366
0x51e2,665.5283
0x1c98,813.33093
0x4de,807.25934
0x384b,614.41675
0x4c4,946.0455
0x3824,814.62683
0x4994,813.2115
0x2b20,911.91736
0x414f,517.04913
0x32d0,584.941
0x1389,803.0243
0x4e47,934.8655
0x8f5,837.9232
0xf88,857.0826
0x29dd,1004.7367
0x4d16,728.9358
0x45a4,542.7452
0x340c,739.2563
0x4a28,833.5925
0x4503,693.06775
0x2da1,750.98816
0x151d,646.13245
0x4054,1029.424
0x353b,755.1111
0x73c,790.469
0x1be0,860.8865
0x209a,537.85016
0x49e8,614.52136
0x4bb7,720.92487
0x585,774.4902
0x3527,790.0881
0x4b54,1036.7565
0x4aec,673.84076
0x4f12,661.13214
0x4a82,925.1705
0xd63,841.92755
0x4606,886.53125
0x41b5,924.1065
0x408b,631.90533
0x1fd6,919.70575
0x3661,644.3212
0x1c1a,612.8647
0x3275,811.93866
0x1a2f,660.50824
0x3a7c,969.9638
0x7a8,589.1351
0x4d21,708.6732
0x226f,1033.4738
0x51d3,597.30505
0x6d7,576.20135
0x17f9,607.3396
0x24ef,880.854
0x1fbf,537.15533
0x5027,769.0829
0x1652,628.7425
0x964,791.4561
0x43ab,918.5062
0x113b,942.5046
0x19de,546.87134
0x1d8b,669.1088
0x21d3,912.99164
0x4a4a,714.552
0x1e33,791.56555
0x283d,915.40656
0xdc6,1024.4952
0x500f,984.3872
0x397d,739.15656
0x3fe6,598.2893
0x437a,858.5707
0x2981,979.46857
0xdc7,597.3905
0x3cd3,981.7822
0x2e22,803.004
0x3e45,636.08167
0x1237,907.8784
0x3265,632.8808
0x1a56,1016.20465
0x2757,653.8558
0x11c8,743.6031
0x1eb5,504.1439
0x10ac,824.3642
0x4ba6,780.7522
0x5057,795.462
0x730,908.4657
0x1e88,1064.922
0x784,793.5106
0x4dca,1216.2539
0x1f78,963.2029
0x2d08,714.2284
0x1535,901.6676
0x5ac,995.8022
0x4d6a,1083.6483
0x2e54,1023.7051
0x157a,681.8771
0x235c,913.62573
0xdd9,583.0321
0x33b1,713.3669
0x1180,679.5277
0x602,1076.0615
0x2219,562.41345
0x3343,577.00336
0x48be,1119.4142
0x4ccf,815.80316
0x18f5,982.6547
0x1017,909.823
0x318b,883.9394
0x1cd7,783.56696
0x3969,703.6128
0x4627,544.69586
0x35f4,937.2006
0xdfe,1022.1818
0x50e9,942.82465
0x376a,624.69916
0x217e,623.76807
0x3891,560.146
0x51af,963.6218
0x1f7b,704.7541
0x22cc,666.198
0x164e,451.61246
0x3b51,557.0039
0x3fad,534.1282
0x2be5,971.81195
0x4d4b,502.71155
0x2330,709.4858
0x2f99,737.1323
0x16d2,875.30334
0x469e,928.203
0x3d68,573.4098
0x2338,770.3936
0x2374,739.9624
0x1416,566.78125
0x50fd,778.7492
0x82d,669.80853
0x49f5,455.3473
0x267e,1020.4524
0x20dc,1025.416
0x4120,415.20438
0x523,658.0386
0x4516,1040.6693
0x35eb,1054.3945
0x5086,783.36707
0x955,625.32117
0x3d21,1055.4327
0x1abc,610.12213
0x3794,639.43695
0x35d9,842.78546
0x4beb,701.0602
0x31f4,749.77014
0x3642,731.6422
0x3860,1107.978
0xe69,974.85657
0x4950,826.4053
0x123e,633.1666
0x136e,731.44196
0x562,910.3294
0x1469,563.22363
0x124a,756.8136
0x5d3,1014.4424
0x3c40,666.1415
0x514e,740.1892
0xfd7,811.61346
0x21ca,686.0009
0x840,669.975
0x373c,723.95294
0x1c7c,1093.0533
0x785,686.27515
0x2348,1019.5852
0x4a96,689.3213
0x3c8c,807.31934
0x2763,536.80225
0x1d5b,653.69617
0x7e7,752.74634
0x336a,546.36646
0x1587,570.62854
0x2228,692.1024
0x1a8a,988.03357
0x34c6,874.1488
0x485d,1015.27136
0x4f7c,952.6988
0x4e98,811.5458
0x461,567.4711
0x1b7b,591.64087
0x24b2,428.9469
0x2c58,765.89575
0x2b78,793.42737
0x1106,821.8825
0x2309,730.9162
0x19c9,666.2333
0x2f60,823.2023
0x1415,761.7676
0x3242,1001.57635
0x2cd1,693.93384
0x2dd2,985.2705
0x19df,958.6689
0xc4d,567.93915
0x3a16,1200.8296
0x376e,768.39417
0x13ee,783.88605
0x4b2d,919.9461
0x1dcf,718.0811
0x30f5,767.7038
0x846,990.76373
0x131e,724.515
0x2479,652.2975
0x49ce,697.17645
0x25e5,544.8562
0x1e51,993.9688
0x4cff,566.1149
0xdbf,645.5565
0x137c,457.58026
0xce5,727.18567
0x4c6a,1039.3835
0x1f08,603.0427
0x19f0,802.38055
0x3360,564.85645
0xb54,558.73114
0xe79,628.5758
0x3c0f,807.69214
0x4f23,749.208
0x1d39,733.35297
0x1b32,830.60675
0x1b85,871.61444
0x766,927.5274
0x7dc,1177.2924
0x2e7d,586.822
0x1235,545.3105
0x5b9,817.1101
0x283e,737.422
0xaee,753.4907
0x3bd9,491.83203
0x17e4,1134.82
0x1952,1013.77026
0x1f8d,710.0666
0x2234,627.56836
0x865,889.10046
0x1793,878.56573
0xdd6,921.08374
0x28c3,1115.4908
0x2247,939.6295
0x4caa,483.88882
0x358b,871.97314
0x5122,720.43146
0x4cad,557.7233
0x2444,875.0863
0x10c3,704.4642
0x3e8f,1114.9229
0x32a6,753.34204
0x2511,848.4373
0x2d81,569.7802
0x29fb,894.15265
0x44a1,857.76575
0x292d,772.61597
0x2b1f,716.2915
0x1c22,788.6713
0xb6f,703.2307
0x4169,984.3026
0x1b8e,727.4181
0x14e4,900.6741
0x1f6a,728.6657
0xa7a,751.4846
0x491c,564.86273
0x3506,710.3425
0xb59,861.6167
0x2c7a,1021.6176
0x1019,679.02155
0x2dcf,1066.514
0x4bee,785.0486
0x3672,883.55804
0x426e,931.63464
0x1bc5,625.4571
0x47b5,711.7225
0x2dac,566.714
0x5202,1061.469
0x339f,869.9357
0x22c9,963.81116
0x4dd9,932.2711
0x90a,705.8555
0x4e71,611.17444
0x2b21,930.05945
0xe04,565.909
0x321f,582.07794
0x473a,732.8594
0x29d1,489.55893
0x4136,712.6686
0x1766,936.26624
0x2a75,817.9424
0x79d,715.965
0x2c77,463.91037
0x19a1,607.39435
0x22a0,516.9912
0x4af7,1047.554
0x335a,526.2436
0x32f5,896.8205
0x1304,630.08856
0x1f31,706.38654
0x1be3,557.12634
0x1fa7,675.3691
0x4187,603.6961
0x3599,959.6517
0x2e69,673.674
0x19d1,866.53827
0x849,931.70526
0x4e2d,663.1778
0x40c6,648.39136
0x3abc,664.6005
0x29ad,799.49133
0x1074,956.55743
0x223b,708.6003
0x4db0,598.2371
0x359d,689.27563
0x3c33,830.47974
0x210d,532.59357
0x1676,1115.8547
0x2749,786.7129
0x1018,922.0334
0x1868,447.34183
0x3b2b,716.88257
0x5061,963.93066
0x2d3f,720.1835
0x4d92,995.3138
0x1bd3,1014.79944
0x4f44,755.80096
0x75e,1297.6313
0x5116,709.20844
0x1dc1,588.8769
0x1239,658.76
0xc3a,829.6481
0x4742,704.3194
0x2de1,814.3488
0xb42,735.6421
0x14eb,622.077
0x90d,699.0693
0x1c21,731.43396
0x279a,516.9483
0xca6,930.7866
0x2900,642.74023
0x1960,1006.4855
0x39a3,866.245
0x24ea,758.9657
0x25db,806.23224
0x3c21,846.80365
0x3725,806.6467
0x3ffa,1133.6344
0x3881,1240.6802
0x516d,899.86707
0x3f40,766.21387
0x4d73,839.20074
0x51ff,666.0265
0x3e15,803.5935
0x2aac,978.3599
0xd4f,879.4728
0x1c8a,917.2802
0x1ce4,934.69025
0x2055,592.26013
0x2b9d,780.77856
0x3ff9,574.0927
0x4dbb,490.68445
0x4d91,979.6231
0x2955,831.25183
0x1eb2,785.8127
0x63b,604.6687
0x4e23,968.828
0x4ea6,842.4106
0x14fd,543.74274
0x2694,796.36035
0x45ea,542.99805
0x2dec,625.6185
0x42a0,1125.6526
0x3125,578.8857
0x3ebf,601.0487
0x5004,649.09515
0x1ba4,974.5052
0x1b59,764.203
0x22f9,598.2368
0xac4,839.09235
0x11bc,881.681
0x4c1c,803.7426
0x18f2,956.8116
0x4e69,817.90845
0x3393,556.43475
0x169a,840.0187
0x39ee,996.4944
0x468e,676.3884
0x2313,925.7918
0x1ce7,720.7204
0x3e29,889.3528
0xc76,971.9069
0x1484,715.55756
0x453f,747.73474
0x3719,496.60464
0x23a5,685.5013
0x3110,813.8643
0x38f9,553.11584
0x50b9,943.86914
0x2e58,1112.915
0x3a07,694.2671
0x579,630.5508
0x1e03,977.41895
0x421d,725.7093
0x1631,626.4433
0x4a1d,742.202
0xfa0,785.83966
0x3f7,668.67505
0x283c,662.35706
0x2ae0,756.24866
0x3c52,776.48254
0x3b45,519.7274
0x141e,956.37317
0x1ca0,846.92004
0x15b0,503.33466
0x15c5,868.485
0x1912,699.63153
0x3653,663.10986
0x51a5,771.33307
0x2b1a,653.30695
0x43f5,778.75665
0x3dd7,973.3243
0x20a2,611.4251
0x16d1,855.65784
0xba0,546.17706
0x2b52,783.86633
0x136d,735.5204
0x425b,501.2311
0x44b6,768.5433
0x4868,715.03564
0x2a34,474.70792
0x33ba,738.01825
0x4517,924.1661
0x1a5a,744.41016
0x361b,641.93994
0xd0c,526.49384
0x1206,726.73987
0xe19,857.06256
0x3f04,679.62006
0x37d1,795.99054
0x1947,952.2142
0x4449,841.6297
0x4995,799.6271
0x124d,775.4828
0x41f0,900.8163
0x12da,713.5796
0x8b0,758.2629
0xbb0,840.4959
0x1678,759.1308
0xd29,945.0251
0x1192,973.6905
0x1c27,972.09924
0x1c84,1076.8889
0x51b7,666.59717
0x4c02,641.099
0x29c6,840.9898
0x46f3,613.3977
0x7aa,687.72504
0x1a8c,768.2942
0x4714,712.8827
0x314a,595.1554
0x446c,774.2742
0x442a,688.4321
0x32e8,609.75275
0x17a5,1134.5353
0x3f71,639.65436
0x7d8,601.016
0x144f,895.26483
0x1818,622.4536
0x44b4,1038.8217
0xde8,786.9267
0xbac,581.1073
0x25ba,1296.58
0xa9b,567.50903
0x4987,957.8409
0x3898,655.67224
0x19b3,619.23505
0x370f,862.10815
0x1aec,611.36676
0x3855,985.4039
0x3fbb,807.7696
0x36df,529.21246
0x1b46,663.1876
0x4ea0,951.89996
0x3c7c,702.4301
0x1791,708.79895
0x461a,834.46826
0x466b,690.6745
0x4ac9,874.83264
0xcbf,925.10126
0x423f,549.464
0x394f,628.735
0x2670,643.5011
0x4ba8,656.5197
0x2712,582.7736
0x169d,539.84174
0xaad,635.32056
0x3760,963.0339
0x51ec,615.3875
0x3c2a,703.6973
0x25a1,987.7858
0x4383,529.75226
0x2bbf,453.50607
0x387d,680.6183
0xe4b,716.6529
0x326f,866.8355
0x10e8,536.44525
0x1cad,841.9315
0x490,911.10114
0x3ea3,627.2964
0x4f3e,822.022
0xe51,723.9708
0x767,1000.98334
0x2538,626.9815
0x11d3,482.02762
0x33b2,860.7724
0x2eb2,677.60315
0x887,970.22986
0x8ad,545.58307
0x2c34,574.5793
0x3a41,872.14606
0x3978,484.6814
0x67b,969.9546
0x2d34,768.74524
0xb5c,990.01196
0x4396,694.05225
0x85e,970.88745
0x24d8,693.1735
0x13ab,737.65234
0x2429,587.1128
0x2390,930.0616
0x5ab,848.043
0xdd7,599.82983
0x2977,629.3538
0x31dd,590.43604
0x1d08,578.3085
0x2991,569.9633
0x3ac7,849.72406
0x2602,816.22186
0x3c25,801.33136
0x424f,805.2264
0x3767,697.7618
0xcfa,749.5889
0x3929,617.1442
0x4879,789.9381
0x4799,547.41473
0x325b,642.27185
0x3434,826.9792
0xe8f,656.63153
0x4d5f,775.2174
0x18f7,553.074
0x4fbf,684.35956
0x4a11,912.9036
0x1422,710.99554
0x507d,726.5261
0x44e1,805.38464
0x459d,875.9902
0x2fe3,689.44824
0x38d1,516.97345
0x3ef6,866.7978
0x1647,694.6307
0x3cfa,899.98804
0x41f6,928.7622
0x28b4,721.02356
0x2fdd,865.82336
0xcef,845.9581
0x2e25,756.5581
0x24b5,975.60803
0x4245,612.32935
0x3cfe,1011.0046
0xf72,515.04956
0x26d0,786.9027
0x8d6,584.6454
0x3ba5,682.3832
0xd3e,777.45325
0x4aca,1099.1576
0x6c1,1027.9515
0x46c5,898.32196
0x2bfb,887.94464
0x3259,549.25916
0x4cef,1061.0946
0x4452,727.35144
0xe14,594.8371
0x346e,879.74506
0x3612,796.24115
0x4da5,759.1507
0xe22,781.4032
0x3a4f,862.9361
0x52f,520.67847
0x2797,780.3681
0x3c66,689.6922
0x3453,614.02454
0xc60,746.6441
0xcaf,711.6739
0x2cfd,1123.9535
0x48fe,614.92346
0x67c,931.5423
0x1ae8,683.4797
0x3f92,823.08844
0x4fcc,716.3721
0x4137,820.83673
0x44aa,599.4953
0x5157,653.0046
0xd2f,815.02356
0x2a45,1039.5256
0x2785,562.24207
0x18a6,762.0605
0x47e0,678.21735
0x47c4,528.71936
0x35d0,950.18164
0x24ec,492.60468
0xace,676.19916
0x2181,623.0855
0x168e,885.45764
0x3371,892.3411
0x747,941.5811
0x3ab2,621.7689
0x40b4,846.2644
0x41be,1076.453
0x1fc8,986.76984
0x33d6,458.03384
0x4344,877.1843
0x4251,470.7427
0x541,404.90002
0x263b,857.0516
0x3997,638.37274
0x41c2,889.82996
0xc62,626.4334
0xaae,848.6344
0x714,872.86383
0x5055,682.72656
0x664,805.0336
0x51ca,590.3524
0x3d84,846.1119
0x3173,890.4552
0x4e44,890.6951
0x288e,606.05975
0x4c91,829.2507
0x2142,777.38837
0x1c12,739.89044
0x290a,738.3266
0x45b5,819.1945
0x4f2e,1005.0319
0x2e10,881.1283
0x4f0c,613.2886
0x2733,865.6693
0x1b6b,818.464
0x16df,558.43866
0x17bc,768.16223
0x248f,543.567
0x4e2b,879.0736
0x4133,897.1858
0x838,759.58954
0x122f,759.17377
0x4442,769.2766
0x5ea,617.52246
0x482,951.4293
0x16b8,722.6595
0xfc7,814.7011
0x175e,495.33536
0x4998,1010.93085
0x3d8e,938.0086
0x41bc,617.36176
0x340e,535.5454
0x2708,756.6613
0x48f4,634.6681
0x4f01,1117.9775
0x3623,517.0228
0x19d3,676.784
0x2224,671.1283
0x4fd,774.6567
0x3830,865.22
0x3ae6,679.2883
0x31f0,649.01465
0x4758,685.1161
0x4ed0,846.22125
0x49e4,543.94293
0xbc4,698.9893
0x647,873.2913
0xee6,705.9407
0x4961,670.4204
0x3901,1236.1715
0x4edd,837.9444
0x2db1,896.98474
0x668,731.4936
0x3efd,503.68713
0x476b,880.4891
0x36b8,553.17255
0xb47,527.647
0x4015,813.35376
0x3fd8,760.14825
0x3594,831.32916
0x21ed,877.5776
0x1893,888.3817
0x27c5,616.55975
0x3e7f,563.9681
0x2f4e,917.22644
0x2d99,450.35724
0x40d1,527.23975
0x5196,822.53406
0x5ff,594.8981
0x3b88,1028.4609
0x2137,790.1438
0x4a4f,802.56915
0x3da0,633.29565
0x3b0b,1069.1201
0x4d9,1050.7036
0x339c,423.5769
0x1d12,1033.9597
0x5127,827.2869
0x2635,538.10205
0x38c8,691.08734
0x8e0,661.0042
0x375b,797.7905
0x33f6,991.10913
0x3e7b,808.6706
0x3a77,726.5261
0x24aa,701.0448
0x2f02,740.76654
0x3287,771.74304
0x2c60,672.5763
0x2d5c,642.39374
0x194e,983.45496
0x3e40,611.6225
0x879,715.85205
0xdb5,583.7133
0x262f,1071.4386
0x2f65,902.0972
0x40c3,852.3399
0x1ccf,459.64456
0x2ac7,805.3327
0xcf4,862.1555
0x31dc,837.8545
0x37df,1066.8285
0x251a,826.1067
0x1704,803.0412
0x19bd,519.1654
0x4b4e,827.4293
0x83c,828.56885
0x3a72,728.3003
0x18c9,774.0955
0x85d,769.6328
0x2197,1039.8077
0x3b3d,895.00574
0x168f,808.8962
0x43f3,762.561
0x42dc,631.89624
0x34e8,1006.2254
0x20c9,994.51013
0x3354,869.83984
0x4fd0,1089.3896
0x4f2c,936.65247
0x942,598.33093
0x34c8,1084.558
0x2a38,806.6225
0xd51,700.91144
0x447b,671.3155
0x3e6e,572.52405
0x458e,565.0397
0x2c04,1024.3584
0x2409,924.1863
0x434f,744.1625
0x460d,637.5031
0x4c51,591.1544
0x44c8,959.3301
0x4aeb,902.82227
0x2e5a,626.91876
0x3db9,1023.88477
0x11d9,562.6103
0x24fc,863.13574
0x3322,899.91296
0x2f6e,924.8678
0x731,688.68427
0xcc0,1039.4584
0x3b80,768.4444
0x1b02,654.81305
0x44ef,655.65564
0x587,435.70932
0x35cd,752.1571
0x1ae0,835.0486
0xc2b,1052.7056
0x9a4,692.6518
0x373d,726.32385
0x3e9e,859.9978
0x511d,621.549
0x4507,857.1909
0x1345,439.08267
0x1271,783.6895
0x4f36,806.2107
0x1c2d,1027.9211
0x10b0,495.83395
0x4a10,630.82324
0x166a,665.88995
0x4743,808.593
0x4857,513.7763
0x2545,588.0884
0x30de,1070.7997
0x3029,866.06744
0x1544,985.65155
0x2525,862.81635
0x1650,516.0073
0x2359,508.00012
0x49f3,910.7301
0xd26,826.0445
0x3d76,890.0642
0x2cfc,609.10406
0x4fb3,600.89105
0x2111,987.668
0x28f7,744.2331
0x10be,613.96155
0x2321,665.91156
0x2970,676.49524
0x1aa0,737.4287
0x4d18,538.80994
0xfb5,738.70026
0x2986,619.505
0x979,578.8972
0x3936,1241.5182
0x4ee8,688.6902
0x31d1,1094.6803
0x540,592.3921
0xa4f,723.8
0x4a7b,893.75104
0x4549,523.97156
0x485f,812.1562
0x28fa,764.3262
0x4734,1021.8144
0x4162,653.7064
0x29fd,704.6217
0x2108,618.3873
0x36e3,960.9398
0x22e0,490.24124
0x1344,730.1816
0x72f,793.7657
0x1fca,777.00964
0x31ac,560.3987
0xa3f,651.5449
0x5028,789.9773
0x7a4,700.76373
0x4e3f,516.1109
0x2dab,594.4399
0x1849,1044.0901
0x176f,723.06384
0xcb2,702.7742
0x155a,623.32837
0x3f68,606.822
0x48f5,710.5699
0x2c53,473.2438
0x4ff3,833.804
0x2e82,664.7773
0x1bc2,551.24536
0x4cc3,1038.9346
0x8a7,1191.6544
0x2543,629.6522
0x213f,768.6668
0x1375,643.133
0x3f6c,642.131
0x5133,805.7526
0x5113,745.9402
0x1894,578.0912
0x4c62,744.2207
0x30c6,1076.0137
0x1939,591.58014
0x1749,1028.6782
0x402f,971.13983
0x439,736.3668
0x22da,954.9842
0x437b,545.4551
0x11a1,881.367
0x3d67,610.6393
0xdc8,506.8706
0x3b34,1115.4696
0xc84,493.21912
0x1be6,1079.0756
0x2281,807.0307
0x5d0,673.253
0x2996,611.2231
0x29ee,1008.65717
0x111e,930.1339
0x245c,798.0326
0x4151,901.11145
0x17e0,789.65686
0x4dc4,724.4692
0x4064,900.1044
0x4241,662.1894
0x50bb,784.878
0x4a3a,485.87677
0x1a6d,947.29456
0x49b,576.3322
0x34ac,653.434
0x30ae,890.30835
0x8f3,658.9979
0x2487,799.58734
0x217a,743.5747
0x378d,866.397
0x1a6b,705.7815
0x17d8,880.51465
0x497e,936.25195
0x4161,634.1965
0x5de,539.5524
0xbfc,920.0422
0x4eb1,674.2381
0x70c,1042.8447
0x3467,1025.9619
0x12cd,643.7528
0x14b2,929.12537
0x1ccd,1061.1467
0x2074,881.4519
0x7e5,896.46735
0x170a,700.97894
0x4a7e,1063.3226
0x3535,866.01984
0x30e8,694.2055
0x503,794.07086
0x6a1,577.2825
0xb98,804.02936
0x505f,852.83014
0x3c50,701.529
0x2349,661.215
0xb6e,793.74
0x3437,897.6775
0x9c7,973.2421
0x459b,712.7321
0x4482,1013.08405
0x3174,942.2876
0x320d,705.9821
0x1131,652.7558
0x278d,673.9526
0xa41,727.7116
0x44a3,755.0002
0x1747,682.62537
0x1289,878.26416
0x51dc,849.7455
0x2449,865.5687
0x5e6,705.33875
0x6bc,640.1431
0xe20,681.97363
0x3c07,731.9506
0x2650,748.54016
0x25f3,868.80554
0x3f3d,705.2644
0x269d,577.4598
0x6d4,787.81995
0x11f4,808.23615
0x4b4c,641.0968
0x2109,598.4856
0xb9b,728.328
0x1fe6,973.0987
0x3d14,974.1358
0x25a2,1085.7435
0x4ade,790.35333
0x3d5a,949.95154
0x41ee,708.098
0x1970,821.0512
0x3c7a,1024.8823
0x4c3e,573.8154
0x14af,1014.00366
0x4bf0,533.7608
0x21df,705.19543
0x377f,1005.68384
0x2ccf,587.72766
0x268e,608.76965
0x4502,685.53864
0x10b9,700.3037
0x1a9c,595.594
0x253d,676.7988
0x30ef,755.14703
0x23fc,472.304
0x43f1,571.8638
0x4e1c,927.3033
0x44c0,1098.1716
0x41bf,546.1195
0x173d,952.9704
0x41d4,497.45453
0x2c7c,546.95215
0x30e6,567.4143
0x476,547.5934
0x1a96,940.20044
0x4dbc,701.9232
0x36eb,715.1349
0x442b,763.58453
0x1f88,631.80225
0x4f7e,767.1673
0x3422,928.97485
0x3981,627.3326
0x3018,628.6424
0x17af,460.34912
0x822,760.68915
0x3c80,991.035
0x380d,993.6309
0x3529,1236.0394
0x2cdb,503.77887
0xd83,749.3074
0x22c6,668.35785
0x4354,816.4655
0xef3,579.3631
0x30dc,494.9805
0x4140,772.1391
0x4f3,687.83
0x1d9a,1061.0616
0x2d61,836.59735
0x42d5,481.53687
0x1d80,749.911
0x40f2,900.57574
0x2d21,459.22705
0x4657,821.036
0x217d,644.95685
0x4990,924.5002
0xa33,916.88934
0x179e,719.47675
0x3009,647.7347
0x5062,856.4065
0x2669,628.7113
0x40c7,719.918
0x214c,695.2586
0x1548,809.6498
0x32f9,1118.2709
0x2e97,530.2843
0x214d,1062.6206
0x257b,766.91754
0x5014,717.084
0x4ee7,522.48706
0x1bfc,1106.5114
0x3714,620.5176
0x2c82,844.92004
0xc7e,999.9524
0x2bf8,604.031
0x2127,730.9218
0x18e3,678.9658
0x159b,563.1514
0x138b,678.601
0xb7e,512.02423
0x3a45,588.76184
0x15ea,1047.53
0x534,1183.1609
0x14fa,808.7608
0x50e1,873.2668
0x4a0f,804.08606
0x1a1e,1146.9176
0x33af,861.59375
0x36e9,1019.61487
0x181f,845.68994
0x2a50,882.94025
0x14da,795.3358
0x1e4b,711.47107
0x4dba,435.9477
0x121d,817.1646
0x40d3,792.8042
0x3d2f,864.46735
0x5bb,827.2191
0x154f,582.0105
0x18d5,799.0134
0x2fa1,929.11523
0x3aa0,822.9747
0x243d,848.7421
0x1f96,681.3811
0x1973,429.37503
0x2791,800.1973
0x2cc0,537.565
0x13d3,523.3905
0x5153,787.316
0x44de,551.16156
0x480e,863.76935
0xa28,734.3506
0x2f5d,845.2235
0x58b,794.523
0x4b8d,739.3085
0x13d5,632.78577
0x26dc,935.9417
0x329e,765.9896
0xa52,670.05286
0x1012,730.1861
0x4e32,895.4604
0x2206,938.84125
0x1af2,764.4377
0x3292,610.2353
0x393b,690.4056
0x262c,778.6134
0x4f4b,597.2259
0x50e5,582.5794
0x2e9d,815.1926
0x470c,1166.7555
0x2fbb,665.72833
0x4aab,1010.9164
0x267c,803.17444
0x3d0c,746.37
0x1aed,790.0658
0xf69,891.3281
0x3ae7,793.5527
0x1d89,1080.557
0x4f26,536.23914
0x1e3f,699.6185
0x30aa,818.7028
0xd2e,919.70264
0x438f,908.36383
0x3974,656.65814
0x2f9a,1199.1123
0x1b84,871.7471
0x500d,837.55414
0x4b2e,1191.2607
0xc40,710.11426
0xf9f,664.7101
0xddf,856.98865
0x12d9,853.48676
0x3892,631.4839
0x2a1a,552.33044
0x19d7,495.16107
0x4844,775.2281
0x5c4,684.61865
0x1e53,682.6292
0x38a9,596.4657
0x4f5f,530.3765
0x349e,993.2751
0x3486,745.1155
0x4c0e,1204.099
0x1c3e,1189.4563
0x1ae3,973.58136
0x3a6e,810.5333
0x1cdb,891.3685
0x3167,782.3159
0x228a,687.22974
0x31c3,476.28577
0x49fa,801.5729
0x3a0b,1020.8199
0x42ac,661.1202
0x49df,611.3493
0x32d2,809.4653
0x369c,702.53894
0x4e92,998.0255
0x3051,826.19495
0xb7f,983.52246
0x30cb,776.3933
0x2cae,805.6384
0x270d,461.9905
0x332e,907.0641
0x1ed3,936.51184
0x347a,1111.9646
0x19db,961.09796
0x4299,524.00775
0x4b6f,654.81805
0x4a49,801.83325
0x3736,1133.6733
0x1586,797.3631
0x4d46,599.5673
0x2e03,880.0634
0x13dd,777.44543
0x1764,902.33813
0x2f1f,1040.037
0x3daf,833.0053
0x3eb1,761.3337
0x48b,499.49152
0x4732,594.8144
0x4533,1057.5925
0x2969,807.72797
0x1b1c,613.1427
0x3ff,871.20966
0x2cfb,942.4542
0x5199,816.03894
0x1812,667.67426
0x6a6,811.40295
0xa3e,755.11
0x21a8,731.6857
0x1ffb,695.7876
0x196b,1075.8757
0x4548,524.79816
0x1f83,838.2194
0x2549,777.8074
0x3609,767.77625
0x15cd,1124.05
0x2765,662.65753
0x3224,555.6743
0x3317,912.0361
0xcc8,690.30743
0xb64,716.79614
0x465a,851.83655
0x2483,655.17346
0x17f4,680.8942
0x5e5,1059.6217
0x3c1e,508.48672
0x4d75,1052.5184
0x4a64,966.2905
0x2736,1092.5692
0x1e46,552.1282
0x4534,1028.9456
0x338a,925.88666
0x1717,814.56274
0x2f37,620.8559
0x3a35,661.99207
0x118e,574.1233
0xe86,632.94354
0x6f4,983.70355
0x2135,513.5549
0x3ee0,979.22705
0x3806,717.179
0x4046,658.79895
0x2f21,583.1311
0x1dc3,990.8549
0x1bb1,656.66125
0x2af8,584.03656
0x1bdb,1016.2758
0x221e,937.04156
0x3293,1044.1085
0x2693,1118.3956
0x3802,495.77817
0x447f,935.05444
0x4706,909.66986
0x31d5,972.5867
0x15ed,772.03784
0xf6a,744.67004
0x21e0,954.64453
0x42ad,790.2874
0x2858,992.2776
0x3cce,777.096
0x1737,851.14417
0x4d2f,924.39215
0x322d,562.47406
0x23c6,638.80273
0x259a,1247.82
0x32bc,891.2734
0x46d0,670.06726
0x4bd3,1037.9487
0x4e29,546.89166
0x2271,880.64905
0x1411,1043.8193
0x4dce,662.9663
0x4e35,776.57697
0x11c3,898.687
0x3f42,920.00836
0x2701,659.68195
0x2468,819.007
0x46e2,899.9314
0x1da6,968.762
0x234c,707.66327
0x4db4,719.8435
0x2b98,671.4557
0x4748,903.9747
0x14b9,517.6032
0x3f66,718.2009
0x31ed,896.90607
0x2003,563.43616
0x56f,889.2268
0x21fd,910.62115
0x3890,723.6023
0x3e09,803.5893
0x23a4,886.18884
0x46f,613.82635
0x3975,887.2869
0x3b8c,717.6183
0x2242,627.0323
0x59d,451.0568
0x206f,502.3547
0xcb9,698.79803
0xc0e,652.1426
0x1ee6,657.30945
0x36ee,771.0971
0x4745,866.2897
0x23bc,630.02966
0x3274,499.49725
0x50e8,779.1946
0x4804,615.89886
0x91c,360.29214
0x445e,835.21783
0x4a24,1013.1198
0x146d,673.24695
0x1bff,708.7797
0x4202,808.0682
0x98c,697.0365
0x23ed,688.9947
0x913,837.1237
0x2491,762.1876
0x29e4,649.7182
0x214e,832.9135
0x48cc,976.9408
0x551,819.14417
0x20be,553.028
0x2023,748.99225
0x27df,774.59503
0xcc2,617.6535
0x4568,570.2536
0x3c38,917.58905
0x386c,884.02954
0x49cf,843.4295
0x2ab8,670.4569
0x1212,558.3489
0x2212,1098.6824
0x6c9,947.871
0x1ed4,1027.9784
0x2a76,1084.9889
0x37ca,821.34143
0x15b2,849.66656
0x4a1f,687.1567
0x3bf6,675.0236
0x2446,882.31146
0x1f4b,863.0345
0x2df0,910.66376
0x38bd,670.1721
0x4ad1,624.4885
0xece,463.7706
0x4860,684.27795
0x3538,994.8644
0x3c8e,778.08636
0x34e7,735.7368
0x3875,1075.4541
0x355c,546.3349
0x6d6,742.34503
0x3248,859.8231
0x324e,757.8269
0xdcf,771.4075
0x4359,498.19183
0x211b,509.04782
0x4725,468.95798
0x3005,887.79395
0x2b27,492.46732
0x85f,880.822
0x11cb,784.726
0x407c,527.4754
0x42bf,775.42096
0x391b,861.8883
0x3e39,708.8713
0x35d4,1079.6608
0x978,615.9756
0x2b8e,795.1571
0x3b00,697.8467
0x10c5,914.2676
0xcac,886.64575
0x4594,847.3336
0x29ae,417.77866
0x1ac4,591.9612
0x2d3b,1017.3173
0x1af9,1036.1704
0x2073,683.08905
0x1114,948.3277
0x62a,748.42957
0x48bc,409.96695
0x9c4,459.52365
0x4bcc,896.0067
0x507a,839.2657
0x260d,714.58307
0x782,893.5291
0x479f,722.8925
0x4668,762.79193
0x4062,675.8652
0x2191,944.2234
0x18c6,596.82477
0x40ee,671.52234
0x3f86,574.4188
0x3327,658.83417
0x1c43,702.82477
0x2fee,571.5429
0x2357,734.4332
0x4dd5,794.05304
0x389b,1286.4451
0x50c4,808.4311
0x265c,935.19495
0x15ab,508.46906
0x1f80,722.27716
0x3f2f,667.7284
0x400a,950.1187
0x4c7,795.29553
0x2f32,949.21985
0x50e3,885.9375
0x63d,888.1683
0x1a4a,885.9108
0x4b89,623.8983
0x332a,766.92993
0x345a,925.6488
0x1ca7,671.11285
0x2c28,605.043
0x3058,566.0026
0x41c0,808.7168
0x335d,829.10944
0x20f8,566.1994
0x2739,641.1754
0x33a8,874.0387
0x15a0,687.3349
0x1e16,679.96173
0x2ea6,673.5571
0x3f2e,938.4662
0xa59,684.3817
0x48d2,721.35095
0x3710,437.06915
0x1f09,1022.1165
0x4ef,905.81323
0x301f,551.7887
0x3ed3,498.40735
0x4d4d,706.27234
0x4d7c,864.5193
0x1f59,713.05676
0x530,801.51434
0x11f7,901.48145
0x1f32,686.0811
0x4bd,481.31857
0x4e5a,511.59955
0x29a1,935.7556
0x2076,595.8573
0x4c3a,572.08386
0x510e,846.84607
0x1c4e,1110.2495
0x3b8f,567.93646
0x226d,692.4401
0xa14,953.2194
0x34cd,783.38727
0x5b5,1051.675
0x4770,728.9959
0x1d47,773.7546
0x49c9,523.9918
0x4e67,885.1605
0xaf3,1053.4207
0x2e08,1105.6116
0x4680,892.0723
0x4083,797.6182
0x2cb5,539.78094
0x4219,1016.1247
0x48f1,886.75525
0x517b,912.636
0x514c,577.40497
0x2b6a,830.99896
0x38cb,804.0884
0x3ceb,936.2639
0x51ce,849.0408
0x4ea9,974.8989
0x12fc,694.96234
0x46af,622.19336
0x2c03,778.26776
0x73d,716.0452
0x29f3,613.6672
0x2381,866.56067
0x42ef,628.00867
0x1fad,686.38605
0x39ae,1165.7524
0x379e,985.3283
0x5fa,1088.1178
0x3b8b,570.0359
0x3ce1,849.23596
0x5093,760.95953
0x302b,1020.6456
0x524,824.81714
0x446b,601.60205
0x2bec,929.1379
0x77d,958.0716
0xd76,752.1353
0x4cf,518.2826
0x1058,782.22375
0x25e4,1200.4231
0x2428,805.24866
0x3439,624.46655
0x2210,913.4772
0x47ed,709.44244
0x2269,640.5691
0xf2b,888.58167
0x1204,705.01935
0x4306,544.9019
0x245a,979.6344
0x1a6e,882.9811
0x2add,649.0261
0xbd7,865.06116
0x1449,597.06354
0x2086,814.9668
0x9ee,1003.00244
0x1e35,812.6606
0x434a,656.9014
0x24fe,740.13806
0x5179,922.14557
0xc75,892.60583
0x134b,586.5246
0x2a55,1077.8019
0x3c6f,698.2108
0x4262,684.9949
0x1522,655.2803
0x395f,545.5664
0x2325,857.55066
0x2ec2,983.2308
0x28aa,858.5208
0x2024,689.3259
0x3048,474.66626
0x2f5a,951.3826
0x2daf,666.3206
0x1746,607.8814
0xef9,771.92554
0x4a5e,552.6637
0x2f98,372.487
0x391a,628.2812
0x19b0,635.31024
0x4ff7,679.0775
0x1711,700.85394
0x1275,448.66928
0x34ae,1229.021
0x42f,535.9429
0x19ec,869.6254
0x4167,920.3919
0x32d7,796.2028
0x2673,781.09033
0x423c,751.4474
0x4365,600.35004
0x263c,949.4824
0x3585,474.67007
0x4f75,764.1105
0x4150,1141.7452
0x1dc8,648.03595
0x1d42,676.28235
0x19e2,753.41675
0xd8d,678.90656
0x4e4d,715.61926
0x2558,832.0889
0x4022,795.46814
0xbe1,817.41016
0x3c4b,584.8944
0x4aa,585.8574
0x3bad,697.87195
0x3a1e,932.1674
0x3aaf,573.33734
0xb89,1052.0021
0x27d6,903.6846
0x2565,656.5251
0x458f,899.9417
0x2d63,894.1488
0x2a30,772.8363
0x3a47,830.3173
0x31ff,961.7187
0x1004,985.96936
0x4be3,819.7322
0x21be,786.9342
0x4a60,868.4971
0x2851,1204.4901
0x2007,692.2777
0x5102,924.9045
0x1b25,762.7872
0x108c,801.98846
0x23d5,773.6029
0x1c31,911.1301
0x1914,954.5371
0x1aaa,1245.8799
0xccf,654.07684
0x2be6,775.6654
0x4efa,615.3552
0x2616,815.0337
0xdda,605.7521
0x3c5c,956.32166
0x4326,748.5342
0x4421,729.5488
0x3d4b,600.2779
0x1e2a,1273.3268
0x3ecc,763.62134
0x4b0c,1111.4095
0x43fd,576.36676
0x4677,728.2204
0x50ae,836.4542
0x32bb,778.7622
0x2df6,624.89813
0x16c6,567.1422
0x35ec,603.5309
0x699,813.61053
0x3874,746.7623
0x4d1c,466.47327
0x263f,917.0156
0x4a5a,703.4628
0x31cf,672.3076
0x1559,999.35516
0x1393,926.57874
0x2e8f,626.62787
0xfd6,958.6405
0x34d2,965.8967
0x132f,756.83563
0x1294,699.2343
0x2ab4,529.2659
0x302c,647.7569
0x172d,933.7481
0x3373,667.7949
0x2cb3,868.0784
0x876,814.10187
0x3fed,711.53894
0x43ca,634.4027
0x3102,691.29266
0x3f3c,1037.4143
0x4aea,866.9359
0xb41,917.58905
0x450f,973.14465
0x48a2,975.67365
0x3fda,945.0022
0xa8d,857.1811
0x33d0,889.40576
0x621,851.6387
0x1c41,636.88324
0x1596,690.83856
0x4063,917.0336
0x4a91,597.06555
0x2552,505.21313
0x38b0,595.5191
0x29a9,908.2794
0x3775,803.1733
0x3457,682.6501
0x1e7b,705.83936
0x49a8,637.5575
0x4343,778.4181
0x261d,996.44354
0x355b,683.7887
0x1e3a,992.3192
0x4291,869.3634
0x8e2,588.96204
0x38bb,884.84906
0xdc5,1084.1765
0x3a8d,753.73615
0x107f,612.0797
0x32cd,766.56946
0x490f,482.46014
0x2ba4,982.76294
0x25bf,806.5933
0x175a,1064.3519
0xa8b,855.0493
0x895,657.0146
0x4782,797.143
0x4cb1,654.35077
0x48f9,899.50366
0x3b4e,907.54083
0x3de5,444.25885
0x2bb4,655.05566
0x46b0,488.49747
0x38d6,692.39355
0x1c82,477.67294
0x2e1c,416.8696
0x50ca,867.90546
0x334a,634.39844
0x12f7,735.69476
0x1178,1005.81866
0x19a6,1147.4274
0xf3c,879.3897
0x2bdf,850.60864
0x3c2e,840.9337
0x4387,557.44366
0x1753,504.8786
0x2340,429.30582
0x22af,611.1444
0xe52,938.5423
0x1faa,892.5986
0x3b59,685.7926
0x2967,898.5875
0x1cc9,968.993
0x1265,1178.6832
0xef8,803.91125
0x15c6,1129.8896
0x8f0,578.9613
0xb20,877.3362
0x3c4c,786.7831
0x2488,616.60443
0x2ef8,851.2193
0x448b,897.7662
0xa5c,835.35443
0x23b4,601.6431
0x3dd2,461.76166
0x1d6e,847.41364
0x161b,941.3732
0x2776,707.61804
0x376f,1017.1801
0x61c,979.30084
0x3f9,900.5577
0xa74,845.1695
0x20d9,953.0822
0x313a,911.2458
0x2513,1094.1156
0x727,710.5861
0xab3,793.9
0x4767,532.3907
0x4aa3,950.23785
0x3363,607.5157
0x4e46,739.5662
0x32e6,811.41376
0x2fd6,714.2529
0x1c69,729.90344
0x2171,1031.7164
0x5fe,636.9504
0x2ffd,663.0741
0x196c,949.913
0x4acf,570.9831
0x4256,888.2043
0x3c81,889.5373
0x1d1d,433.44733
0x10e7,763.3006
0x5f9,862.9427
0x335e,958.3503
0x2fdc,718.65717
0x5126,738.41394
0x439d,942.3136
0x4c1b,843.2385
0x44b1,737.8416
0x38dd,855.20795
0x318e,459.0655
0x1c55,731.1867
0x1023,755.83374
0x38e1,711.45844
0x4e38,513.9076
0x4f5b,680.1567
0x38f2,746.39496
0x2f41,699.9135
0x43a5,1204.25
0x2e5b,900.69385
0x4c9f,906.3836
0x50d1,599.2252
0x31be,567.30634
0xa49,755.1431
0xdf3,893.1947
0x6a4,655.60187
0x4c4c,585.86
0x206a,838.38965
0x595,732.9492
0x61e,668.2256
0x2aa7,565.2288
0x1247,719.2849
0x1bb7,658.9799
0x1867,815.926
0x39d2,602.74286
0x4fba,827.76154
0x2f90,1019.0374
0x1a0a,739.1664
0x188e,646.666
0x1c30,905.34863
0x3318,589.9179
0x2eb5,1088.6512
0x3bcc,814.63617
0x2b9a,936.343
0x405e,910.2578
0x2a62,610.6958
0x529,786.0143
0x1d55,753.2012
0x3cab,714.9821
0x2d19,776.874
0x1ddb,585.01605
0x2329,923.7263
0x3ca4,919.0871
0xd75,792.96216
0x1ec3,460.33417
0x17cc,1016.5134
0x2353,607.3379
0x65c,552.21484
0x4a75,616.39075
0x4494,891.21515
0x4916,800.3778
0x150b,745.4843
0x1f19,987.6318
0x355d,851.51526
0xe15,827.32324
0x3344,632.526
0x4d0b,835.11346
0x4934,559.25085
0x385d,628.97876
0x51b,619.2283
0x160a,956.83026
0x36b7,1019.28186
0x3f8d,773.6667
0x46fd,1090.4078
0x40d7,570.68726
0x2e81,996.8189
0x3712,917.8924
0x1bba,716.40247
0x4a6f,668.7869
0x3727,1304.215
0x8fd,736.39777
0x2306,573.3584
0x3fa9,596.5129
0x2ba2,460.34167
0x3bdc,785.4778
0x4bfd,639.0127
0x3572,745.1389
0x2f49,514.0998
0x95c,1110.5853
0x3b82,929.9547
0x1e89,529.63605
0x503b,987.18964
0x4147,672.08325
0x2532,798.43225
0x32ea,1054.1282
0x5c6,634.2367
0x3e44,984.4688
0x1b3b,884.08026
0x762,749.7151
0x6dd,757.05646
0xdf1,730.23724
0x39c2,747.152
0x1e1d,951.53784
0x79c,826.13306
0x1b8d,901.5726
0x12ac,549.7161
0x2d6b,633.7233
0x44ce,812.95514
0x4556,936.9523
0x13ff,636.4148
0x27d8,817.07465
0x1530,686.90173
0x51bd,800.8504
0x1f4f,626.86285
0x3dbd,644.19495
0x926,581.60297
0x2e11,706.97424
0x2203,1000.83545
0x4270,827.57806
0x46a,756.8699
0x29cb,568.0722
0x34b0,612.50397
0x35b6,776.52325
0x154e,844.58417
0x7ed,683.5579
0x4590,1057.7463
0xe7c,786.0368
0x243b,1065.2587
0x2040,653.04443
0x2391,836.9489
0x85a,779.5882
0x4e3e,796.28406
0x32c1,687.0315
0x175b,772.35223
0x1ec1,880.7288
0x21b1,750.8413
0xe8b,686.69086
0x329a,932.89984
0x345d,579.85175
0x300d,772.0952
0x2b49,776.4474
0xab2,783.8566
0x28c6,891.73206
0x2a5c,824.9395
0x4229,952.4412
0x30c0,840.8896
0x303a,971.0435
0x3e10,720.8001
0x2b05,897.078
0x33e7,741.3648
0x33f7,844.4641
0x2787,841.93835
0x50d3,769.8487
0x4fcd,800.63586
0x620,642.3162
0x3bb8,794.7473
0x4946,892.51086
0xfbc,766.2423
0x3c2c,865.846
0x8df,495.87393
0x57a,621.397
0x31b8,768.39935
0x2c0f,433.30984
0x1f6f,490.85318
0x5108,988.57544
0x2b7a,701.96906
0x1272,990.97736
0x4f90,656.8273
0x3d75,836.2559
0x3d8d,663.15216
0x2726,594.5654
0x516e,839.5029
0x73e,565.176
0x32ee,873.3588
0x1463,707.59204
0x2f4a,949.4082
0x37ea,667.3931
0x3b69,784.99744
0x91d,581.87396
0x37fe,956.3239
0x2911,701.9784
0x2db8,501.7146
0x210f,754.66943
0x1971,649.7002
0x22c0,735.039
0x1572,1236.5281
0x80b,837.08856
0x999,1220.4235
0xe6e,489.65463
0x1c6e,672.8961
0x2d3d,951.52106
0xb9c,445.8386
0x3be8,694.62103
0x35ea,985.51904
0x11db,878.6864
0x19b6,836.3895
0x2199,544.19226
0x2470,496.01627
0x1770,739.0004
0x13ac,883.9845
0xd3d,761.1043
0x233c,761.41425
0x1369,1119.1692
0x3299,969.3271
0x4cc9,624.0001
0x4dfe,1096.1265
0x1231,868.9775
0x3bb4,851.9071
0x4676,559.5115
0x2d78,784.3819
0x15b6,805.99884
0x1d1a,530.74164
0x1714,975.4368
0x3c85,892.3399
0x14a2,880.3333
0x2d83,496.98883
0x21f5,806.25916
0x374b,624.83234
0x1cd6,742.1101
0x2b7d,1225.5255
0x5174,1096.6556
0x2da7,464.81
0x38b6,782.941
0x4609,870.7271
0x4c66,851.71783
0x3187,634.9626
0x4b5f,836.5507
0x335b,978.0399
0x24e8,897.55774
0x2205,724.388
0x4ab8,683.98663
0x4066,832.8897
0x67d,1004.52734
0x3223,900.96326
0x364e,644.9212
0x2eb9,719.11316
0x494f,821.39624
0x3f9f,664.3162
0x1ccc,1022.50397
0x34a6,887.32416
0x1b15,749.0172
0x1a16,714.0762
0x5e9,694.46606
0x2077,849.8618
0x27be,683.6804
0xa01,942.4017
0x4497,780.3867
0x2713,646.4872
0x88d,591.475
0x834,555.69946
0x116e,509.21365
0x2166,1245.3536
0x292f,718.18756
0x4010,692.17236
0x4bba,970.19275
0x1df4,794.9752
0x43d0,756.52704
0x94a,781.20355
0x43ce,905.30286
0x3fa8,355.3334
0x3af6,640.6925
0x2cb2,625.7068
0x4947,616.39575
0x141d,573.1753
0x40db,814.25793
0x367e,705.0048
0x7d4,489.9461
0x3257,889.2972
0x1680,1008.8447
0x1299,1001.52234
0x4560,817.9942
0x1df6,461.70175
0x2bd0,791.5995
0x504b,788.1701
0x238e,818.9586
0x34d1,898.3451
0x1ca3,723.2746
0x1627,867.8173
0x420e,822.68036
0x33e8,894.0878
0x45aa,735.6631
0x4ee0,883.6848
0x1a17,926.1525
0x3510,1008.31287
0x24b4,774.7643
0x1feb,947.41296
0x1661,475.3823
0x51b6,919.88605
0xfa5,728.1805
0xb5f,720.0732
0x196d,901.35425
0x1b0a,1017.6953
0x2294,911.78217
0x9d8,692.29346
0x49a6,616.86615
0x336f,612.033
0x40ba,1135.0299
0x1a00,557.95984
0x32d3,946.5423
0x71a,554.3151
0x31bf,616.61096
0x3d18,1296.361
0x386b,615.52313
0x4c8d,584.11957
0x2b53,974.63446
0xcc1,623.1833
0x40b3,490.4435
0x50d7,1013.2811
0x11fc,688.4541
0x38aa,1055.7971
0xb06,867.0562
0x1c58,817.8109
0x3a80,1011.3103
0xbbb,489.07825
0x3f97,1046.3438
0xe6d,605.61115
0xac8,612.59973
0xbc6,1003.85754
0x4a40,767.63245
0x2a3d,984.55145
0x42cb,718.9938
0x358e,561.29224
0x2a49,695.8151
0x399d,817.9033
0x77a,977.2651
0x1b43,705.9306
0x33e4,945.5652
0x4589,861.171
0xb71,600.74756
0x20b0,884.12366
0x2837,736.70825
0x143d,921.14
0x7a7,643.28204
0x1ac5,680.42944
0x3127,464.9499
0x44fd,957.02966
0x3395,787.77893
0x4f65,851.45636
0x2113,571.65546
0x14cc,769.07556
0x1997,577.046
0x2029,845.13806
0x1590,829.1344
0x4edf,586.90765
0x47a6,571.7048
0x4f5d,743.26984
0x457,846.8251
0x4485,1113.6967
0x96b,1196.9113
0xf6f,1011.2586
0x3e96,603.50903
0x2618,538.0902
0x1706,920.25806
0x21a5,909.5757
0x3bcf,523.8699
0x1dec,646.8001
0x1f3d,898.1514
0x12fd,682.17145
0x4c60,823.8891
0x2f8a,762.32465
0x2157,590.8193
0x4690,532.6441
0x4055,756.34247
0x511a,916.16736
0x376c,560.7944
0x527,806.73987
0x2667,549.3537
0xf0d,1026.4004
0x3417,479.5999
0x3ce5,611.6989
0x50f2,780.8817
0x3cf0,701.75586
0xdac,711.60974
0x119e,464.2361
0x2773,804.6883
0xb53,786.6071
0x9c0,807.5731
0x3189,594.0409
0x745,831.1722
0xc46,644.4118
0x2527,689.5031
0x1249,731.6883
0x3930,660.9875
0xebd,624.4409
0x60f,632.93
0x35b1,595.4776
0x3564,685.6432
0x284c,567.96655
0x3483,707.9313
0x7f6,552.882
0x3dc0,833.1249
0x4c28,468.4531
0xd71,655.55347
0x18dc,791.09534
0x2623,613.8787
0x40ae,835.2927
0x246e,932.0301
0x32d8,906.3836
0x313b,628.4616
0x386a,710.70776
0x224f,849.45465
0x3d0f,665.7309
0x3d78,858.3128
0x2c76,517.84515
0x5110,668.22974
0xd04,1028.8347
0x37d9,848.98944
0x1071,970.1525
0x2089,1081.1322
0x3281,590.3575
0x1f5c,505.6045
0x4793,637.5375
0x4d33,778.18317
0x2f34,1216.6548
0x3c55,598.5967
0x3cf9,861.0019
0x1360,684.7209
0x13a0,607.01965
0xc42,758.0568
0x3169,685.483
0x4efd,1097.3895
0x50cc,1048.418
0x1db7,715.12634
0x48e5,640.31934
0x3088,700.2302
0x4a1e,690.9492
0x278f,639.3308
0x3401,653.7457
0x48d8,846.0284
0x117a,861.04584
0x3561,920.862
0x93d,573.0941
0x2faf,634.7219
0xfd2,771.8272
0x413e,860.8582
0x2493,882.76416
0x4bc8,738.57947
0x2d12,630.2628
0x282b,781.63245
0x43a9,690.3275
0x84b,779.89496
0x47fc,769.0741
0x259f,792.92664
0x39e9,955.8128
0x3e42,782.932
0x421,766.7402
0x1777,831.15515
0x145d,791.40735
0x3085,925.19244
0x44e0,664.41315
0x4c1f,645.3033
0x110a,808.7454
0x2843,648.3734
0x3d5b,911.01416
0x4bec,735.19183
0x2d5e,543.43097
0x384d,644.0432
0xbe4,572.4555
0x2707,917.40094
0x17db,706.8323
0x4c23,821.5588
0x4e74,752.46356
0x1cb0,661.012
0x38a2,1084.1873
0x319e,806.9226
0x1f29,527.79816
0x3d40,971.2161
0x4985,897.74133
0x3caa,984.3778
0x4072,489.37405
0x1340,549.0905
0x14ad,718.7888
0x3cac,688.6983
0x435f,603.12146
0x10c8,709.3031
0x1c33,697.4774
0x1d64,856.6908
0x18b3,725.60626
0x1859,1065.079
0x4661,857.0291
0x4498,757.8395
0x4e9d,1093.7124
0x2a41,946.4078
0x38b7,880.4135
0x1694,454.37253
0x410c,769.8248
0x2b72,896.17584
0xf95,921.05524
0x28b1,744.4943
0x157b,810.6446
0x2d73,546.51416
0x5088,1073.7539
0x3070,945.6288
0x299e,1057.1564
0x249d,994.2128
0x5085,1076.4192
0x133f,618.109
0x4cb3,489.54184
0xc30,826.35876
0x230a,820.41644
0x2f8b,488.73746
0x3fe9,611.1872
0x1856,715.05676
0x1cb3,766.7457
0x39b1,624.8811
0x28ab,814.25793
0x3004,645.45746
0x3c44,605.2878
0x2bd7,925.6175
0x4227,818.5491
0x11c5,913.79
0x2276,597.73236
0x1166,661.16235
0x3d3a,603.60547
0x35ef,758.6321
0x2098,700.1445
0x3c04,984.2988
0x4d03,798.69727
0xb39,888.47534
0x51be,898.4646
0x465,737.4168
0x2f28,649.1663
0x3117,838.96313
0x4dd1,903.8514
0x454f,763.43567
0x3c4d,739.71185
0x447e,533.2548
0x4a08,585.5097
0x1cd2,890.169
0x5a8,656.96136
0x3933,664.64966
0x3fd9,934.3346
0x4b5,712.58325
0x1b2d,528.09143
0x149f,882.3565
0x2834,677.0073
0x689,675.76843
0x1a02,991.094
0x4586,852.82117
0x690,760.64935
0x3e75,756.967
0x1a10,635.961
0x1207,857.7957
0x1f2d,544.8543
0x493b,1001.41785
0x13b4,1211.1864
0x1259,654.2079
0x310d,672.74756
0x42f6,1056.411
0x1adb,681.24725
0x4bdf,556.7351
0x1b63,657.7832
0x1c4a,1213.9457
0x13bf,587.95245
0x4fc9,536.69806
0x3c02,485.70932
0x72e,718.95715
0x441,781.76996
0x156b,693.9116
0x2b1e,692.8364
0x50be,841.59564
0x20d5,856.529
0x25f2,1119.087
0x3591,732.9387
0x1c5a,955.32947
0x2b96,731.89764
0xac9,876.749
0x5005,592.7396
0x468c,916.9156
0x2bb7,640.2882
0x350d,801.9257
0x4fad,642.50305
0xe3d,912.7518
0x4a42,868.17694
0x4454,534.5517
0x300a,553.72284
0x2e75,875.27954
0x2048,870.80096
0x1d54,927.0415
0x3b48,523.58093
0x502a,1007.3334
0x1ece,766.6905
0x2fb1,900.25806
0x23fe,561.7589
0x1e2c,838.3301
0x403e,929.3063
0x31c7,639.69855
0x29da,874.549
0x3ec2,749.812
0x3050,567.4695
0x2b28,781.9452
0x269e,475.9577
0x4858,648.2952
0x556,738.6738
0x3cf6,687.71484
0x1503,475.50104
0x3246,674.1548
0x4f7,990.0794
0x2619,905.6491
0x2a1c,968.3958
0x1f26,885.01996
0x1196,983.0419
0x2950,828.0735
0x4612,986.82916
0x212e,549.902
0x265f,787.7388
0x3a0e,470.09692
0x49b6,1108.3353
0xea9,840.10565
0x22ed,422.2162
0x997,695.99567
0x15b9,810.18475
0x4c4b,414.84064
0x4ff,726.09985
0x2624,855.98395
0x289c,783.0164
0x2b24,761.0477
0x10fa,895.93915
0x254b,1167.454
0x22ad,657.7866
0x4e40,664.39545
0x4790,906.0984
0xf10,729.64996
0x3ced,1081.5781
0x4bc1,881.0636
0x366f,840.2066
0x4540,1038.5996
0x395e,519.27234
0x7f4,558.923
0x2562,508.8115
0x47fd,681.82965
0x243c,1017.02686
0x16a8,723.33386
0x3d16,917.114
0x376d,896.38025
0xc93,538.81195
0x2153,736.4606
0x228e,887.35205
0x89b,577.85175
0x3bf9,854.113
0x5024,786.6855
0x4323,1131.7084
0x130b,556.5574
0x3010,612.87317
0x30e2,652.31177
0x3944,1136.7698
0x3a63,821.0928
0x43c,576.5414
0x2f0b,900.53156
0x2d56,901.108
0x1a89,1216.4976
0x3ba1,666.56824
0x8ba,547.19214
0x874,744.1869
0x4c79,639.1031
0x30a0,850.0884
0xfbf,848.01025
0x315e,1118.1018
0x2c15,1042.2019
0x20ae,1149.2858
0x4048,987.87573
0x2a28,900.7845
0x18c8,850.1723
0x3957,451.19922
0x1498,578.5244
0x5139,903.9669
0x1300,1106.9514
0x572,834.93756
0xd0f,658.7044
0xad6,845.1748
0x3ca7,780.3067
0xdb3,749.07404
0x1718,671.539
0x1eb3,1240.5913
0x50a5,1208.3672
0x326e,452.47708
0x5121,683.6501
0x525,831.26135
0x51c1,736.86066
0x1f43,950.94904
0x4d1e,887.34955
0x3732,1172.7635
0x478d,621.6086
0x2c29,720.2899
0x324d,910.99426
0x3a1d,437.71487
0x1fed,769.8765
0x18f8,883.60565
0x3260,714.51385
0x3cf8,896.2972
0x2dbb,979.1795
0x1bd9,670.6839
0x237d,630.3185
0x4491,1028.5227
0x4539,779.16565
0x38e4,968.1866
0x3da3,876.96515
0x3e93,736.3497
0x4405,809.0675
0x4eeb,517.08295
0x3c65,613.90424
0x3f65,810.4795
0xb7c,912.12823
0x1ec8,525.2599
0x17cf,1039.4464
0x254d,471.23862
0x3083,882.7314
0x17eb,855.1284
0x35fe,542.2961
0x3f7f,808.5965
0x4cba,781.5817
0x21f4,668.09814
0x2d86,1167.2954
0x26ee,837.65405
0x31c9,956.2432
0x2d95,640.1014
0x1822,1009.6854
0x5175,663.5074
0x1f37,904.39417
0x31b1,558.09845
0x4731,473.36163
0x5af,1104.2069
0x2d38,528.6394
0x2a13,748.061
0x3af2,748.34106
0xd46,699.5762
0x4652,1072.0806
0x419d,953.07855
0x241d,459.07007
0x2823,726.26154
0x35bd,612.1755
0x3a1f,638.85693
0x4a02,741.61237
0x4fe3,540.94226
0x41e0,880.25354
0x3dac,485.4766
0x449b,938.3073
0x4e43,534.3712
0x47dd,818.0961
0x1ea9,606.73663
0x1db6,831.9124
0x44b7,706.462
0x3db7,515.4803
0x334e,906.2898
0x4695,775.97253
0x475,632.96533
0x128c,535.5176
0x4d9d,627.2671
0x473b,1116.8214
0x1828,596.5894
0x4c52,845.08777
0x4019,587.12317
0x2acc,729.53876
0x3ce3,766.7574
0x1951,627.38196
0x47c3,714.93134
0x1dda,860.9399
0x37cc,704.02026
0x1605,581.66754
0x33f9,620.4483
0xcc3,825.529
0x1dde,969.80475
0x2c3b,1089.2245
0x4b6,998.5392
0x4d5a,929.3514
0x2e01,935.4946
